Season,Rank,Player,Tm,First,PtsWon,PtsMax,Share,Age,G,MP,PTS_mvp,TRB,AST_mvp,STL_mvp,BLK_mvp,FGpct,3Ppct,FTpct,WS,WS48,player_key,is_mvp_winner,PLAYER_ID,PLAYER_NAME,TEAM_ABBREVIATION,AGE,SEASON,GP,MIN,PTS_stats,REB,AST_stats,STL_stats,BLK_stats,TOV,FG_PCT,FG3_PCT,FT_PCT,PLUS_MINUS,TS_PCT,USG_PCT,PIE,OFF_RATING,DEF_RATING,NET_RATING,PCT_PTS,PCT_AST,PCT_REB,PTS_PAINT,PTS_FB,PTS_OFF_TOV,tactical_era
1996-97,1,Karl Malone,UTA,63,986,1150,0.858,,,,,,,,,,,,,,karl malone,1,252,Karl Malone,UTA,33.0,1996-97,82,36.6,27.4,9.9,4.5,1.4,0.6,2.8,0.55,0.0,0.755,9.4,0.6,0.321,0.212,115.0,101.3,13.8,0.339,0.21,0.326,12.5,3.6,4.5,Pre-Analytics
1996-97,2,Michael Jordan,CHI,52,957,1150,0.832,,,,,,,,,,,,,,michael jordan,0,893,Michael Jordan,CHI,34.0,1996-97,82,37.9,29.6,5.9,4.3,1.7,0.5,2.0,0.486,0.374,0.833,10.0,0.567,0.328,0.19,113.9,100.1,13.7,0.36,0.211,0.164,7.0,2.4,5.5,Pre-Analytics
1996-97,3,Grant Hill,DET,0,376,1150,0.327,,,,,,,,,,,,,,grant hill,0,255,Grant Hill,DET,24.0,1996-97,80,39.3,21.4,9.0,7.3,1.8,0.6,3.2,0.496,0.303,0.711,5.1,0.556,0.28,0.195,109.2,102.3,7.0,0.278,0.462,0.291,9.0,1.9,3.7,Pre-Analytics
1996-97,4,Tim Hardaway,MIA,0,238,1150,0.207,,,,,,,,,,,,,,tim hardaway,0,896,Tim Hardaway,MIA,30.0,1996-97,81,38.8,20.3,3.4,8.6,1.9,0.1,2.8,0.415,0.344,0.799,6.7,0.532,0.259,0.16,106.6,97.3,9.3,0.261,0.492,0.101,5.8,3.3,3.5,Pre-Analytics
1996-97,5,Glen Rice,CHA,0,134,1150,0.117,,,,,,,,,,,,,,glen rice,0,779,Glen Rice,CHH,30.0,1996-97,79,42.5,26.8,4.0,2.0,0.9,0.3,2.2,0.477,0.47,0.867,2.2,0.605,0.268,0.125,110.0,107.1,2.9,0.306,0.093,0.118,7.5,3.3,4.1,Pre-Analytics
1996-97,6,Gary Payton,SEA,0,105,1150,0.091,,,,,,,,,,,,,,gary payton,0,56,Gary Payton,SEA,28.0,1996-97,82,39.2,21.8,4.6,7.1,2.4,0.2,2.6,0.476,0.313,0.715,7.6,0.545,0.26,0.154,110.1,99.8,10.2,0.263,0.371,0.141,12.2,4.3,5.2,Pre-Analytics
1996-97,7,Hakeem Olajuwon,HOU,0,95,1150,0.083,,,,,,,,,,,,,,hakeem olajuwon,0,165,Hakeem Olajuwon,HOU,34.0,1996-97,78,36.5,23.2,9.2,3.0,1.5,2.2,3.6,0.51,0.313,0.787,4.9,0.558,0.306,0.157,108.2,101.2,7.0,0.305,0.156,0.283,12.2,0.6,3.0,Pre-Analytics
1996-97,8,Patrick Ewing,NYK,0,57,1150,0.05,,,,,,,,,,,,,,patrick ewing,0,121,Patrick Ewing,NYK,34.0,1996-97,78,37.0,22.4,10.7,2.0,0.9,2.4,3.4,0.488,0.222,0.754,4.0,0.548,0.294,0.174,103.5,98.0,5.5,0.303,0.115,0.325,11.1,1.0,3.5,Pre-Analytics
1996-97,9,Anthony Mason,CHA,0,7,1150,0.006,,,,,,,,,,,,,,anthony mason,0,193,Anthony Mason,CHH,30.0,1996-97,73,43.0,16.2,11.4,5.7,1.0,0.5,2.3,0.525,0.333,0.745,1.6,0.585,0.177,0.149,108.7,106.7,2.0,0.186,0.261,0.327,9.1,1.1,2.3,Pre-Analytics
1996-97,9,Shaquille O'Neal,LAL,0,7,1150,0.006,,,,,,,,,,,,,,shaquille o'neal,0,406,Shaquille O'Neal,LAL,25.0,1996-97,51,38.1,26.2,12.5,3.1,0.9,2.9,2.9,0.557,0.0,0.484,5.2,0.556,0.311,0.184,109.2,101.7,7.5,0.329,0.161,0.375,19.6,2.1,4.1,Pre-Analytics
1996-97,11,Scottie Pippen,CHI,0,6,1150,0.005,,,,,,,,,,,,,,scottie pippen,0,937,Scottie Pippen,CHI,31.0,1996-97,82,37.7,20.2,6.5,5.7,1.9,0.5,2.6,0.474,0.368,0.701,9.9,0.554,0.242,0.146,113.4,99.7,13.7,0.246,0.275,0.181,7.3,3.0,3.4,Pre-Analytics
1996-97,12,Alonzo Mourning,MIA,0,5,1150,0.004,,,,,,,,,,,,,,alonzo mourning,0,297,Alonzo Mourning,MIA,27.0,1996-97,66,35.2,19.8,9.9,1.6,0.8,2.9,3.4,0.534,0.111,0.642,7.0,0.578,0.274,0.155,106.7,95.6,11.2,0.283,0.099,0.325,11.2,1.6,4.1,Pre-Analytics
1996-97,13,Dikembe Mutombo,ATL,0,4,1150,0.003,,,,,,,,,,,,,,dikembe mutombo,0,87,Dikembe Mutombo,ATL,31.0,1996-97,80,37.2,13.3,11.6,1.4,0.6,3.3,2.3,0.526,0.0,0.705,5.4,0.584,0.178,0.146,105.0,96.9,8.1,0.189,0.096,0.366,8.7,0.6,2.2,Pre-Analytics
1996-97,13,Mitch Richmond,SAC,0,4,1150,0.003,,,,,,,,,,,,,,mitch richmond,0,782,Mitch Richmond,SAC,32.0,1996-97,81,38.6,25.9,3.9,4.2,1.5,0.3,2.9,0.454,0.428,0.861,-1.9,0.578,0.289,0.148,103.4,105.9,-2.6,0.334,0.238,0.118,5.9,3.1,3.8,Pre-Analytics
1996-97,15,John Stockton,UTA,0,3,1150,0.003,,,,,,,,,,,,,,john stockton,0,304,John Stockton,UTA,35.0,1996-97,82,35.3,14.4,2.8,10.5,2.0,0.2,3.0,0.548,0.422,0.846,8.0,0.656,0.183,0.167,114.1,101.7,12.3,0.19,0.514,0.096,5.6,2.6,2.4,Pre-Analytics
1997-98,1,Michael Jordan,CHI,92,1084,1160,0.934,,,,,,,,,,,,,,michael jordan,1,893,Michael Jordan,CHI,35.0,1997-98,82,38.8,28.7,5.8,3.5,1.7,0.5,2.3,0.465,0.238,0.784,7.3,0.533,0.333,0.175,108.0,98.3,9.7,0.363,0.18,0.161,9.2,3.5,5.5,Pre-Analytics
1997-98,2,Karl Malone,UTA,20,842,1160,0.726,,,,,,,,,,,,,,karl malone,0,252,Karl Malone,UTA,34.0,1997-98,81,37.4,27.0,10.3,3.9,1.2,0.9,3.0,0.53,0.333,0.761,7.2,0.597,0.317,0.203,113.0,103.0,10.0,0.335,0.192,0.323,9.8,2.4,4.2,Pre-Analytics
1997-98,3,Gary Payton,SEA,3,431,1160,0.372,,,,,,,,,,,,,,gary payton,0,56,Gary Payton,SEA,29.0,1997-98,82,38.4,19.2,4.6,8.3,2.3,0.2,2.8,0.453,0.338,0.744,7.5,0.544,0.243,0.152,111.1,100.6,10.5,0.236,0.43,0.15,9.2,4.2,4.4,Pre-Analytics
1997-98,4,Shaquille O'Neal,LAL,1,311,1160,0.268,,,,,,,,,,,,,,shaquille o'neal,0,406,Shaquille O'Neal,LAL,26.0,1997-98,60,36.2,28.3,11.4,2.4,0.7,2.4,2.9,0.584,0.0,0.527,10.9,0.587,0.327,0.185,114.9,99.3,15.5,0.346,0.119,0.343,20.8,1.9,3.9,Pre-Analytics
1997-98,5,Tim Duncan,SAN,0,148,1160,0.128,,,,,,,,,,,,,,tim duncan,0,1495,Tim Duncan,SAS,22.0,1997-98,82,39.1,21.1,11.9,2.7,0.7,2.5,3.4,0.549,0.0,0.662,5.2,0.577,0.259,0.175,104.9,97.3,7.6,0.277,0.145,0.334,13.1,1.5,3.1,Pre-Analytics
1997-98,6,Tim Hardaway,MIA,0,71,1160,0.061,,,,,,,,,,,,,,tim hardaway,0,896,Tim Hardaway,MIA,31.0,1997-98,81,37.4,18.9,3.7,8.3,1.7,0.2,2.8,0.431,0.351,0.781,5.6,0.53,0.25,0.152,107.6,99.7,7.9,0.249,0.499,0.112,5.7,3.3,3.0,Pre-Analytics
1997-98,7,David Robinson,SAN,0,36,1160,0.031,,,,,,,,,,,,,,david robinson,0,764,David Robinson,SAS,32.0,1997-98,73,33.7,21.6,10.6,2.7,0.9,2.6,2.8,0.511,0.25,0.735,4.9,0.581,0.294,0.207,103.3,95.3,8.0,0.331,0.168,0.341,10.8,1.8,2.4,Pre-Analytics
1997-98,8,Vin Baker,SEA,0,24,1160,0.021,,,,,,,,,,,,,,vin baker,0,452,Vin Baker,SEA,26.0,1997-98,82,35.9,19.2,8.0,1.9,1.1,1.0,2.1,0.542,0.143,0.591,5.0,0.564,0.244,0.122,110.8,103.0,7.8,0.256,0.104,0.279,12.9,2.1,3.4,Pre-Analytics
1997-98,9,Grant Hill,DET,0,23,1160,0.02,,,,,,,,,,,,,,grant hill,0,255,Grant Hill,DET,25.0,1997-98,81,40.7,21.1,7.7,6.8,1.8,0.7,3.5,0.452,0.143,0.74,2.7,0.52,0.27,0.164,104.6,101.5,3.1,0.264,0.414,0.224,9.5,3.1,3.6,Pre-Analytics
1997-98,10,Scottie Pippen,CHI,0,14,1160,0.012,,,,,,,,,,,,,,scottie pippen,0,937,Scottie Pippen,CHI,32.0,1997-98,44,37.6,19.2,5.2,5.8,1.8,1.0,2.5,0.448,0.318,0.777,7.4,0.534,0.24,0.132,110.3,100.2,10.1,0.241,0.289,0.152,7.9,4.3,4.0,Pre-Analytics
1998-99,1,Karl Malone,UTA,44,827,1170,0.707,,,,,,,,,,,,,,karl malone,1,252,Karl Malone,UTA,35.0,1998-99,49,37.4,23.8,9.4,4.1,1.3,0.6,3.3,0.493,0.0,0.788,7.2,0.577,0.303,0.196,107.3,97.0,10.3,0.317,0.21,0.3,9.0,3.4,4.3,Pre-Analytics
1998-99,2,Alonzo Mourning,MIA,36,773,1170,0.661,,,,,,,,,,,,,,alonzo mourning,0,297,Alonzo Mourning,MIA,29.0,1998-99,46,38.2,20.1,11.0,1.6,0.7,3.9,3.0,0.512,0.0,0.652,7.4,0.564,0.268,0.17,104.3,93.4,10.9,0.281,0.097,0.341,10.1,1.0,3.0,Pre-Analytics
1998-99,3,Tim Duncan,SAN,30,740,1170,0.632,,,,,,,,,,,,,,tim duncan,0,1495,Tim Duncan,SAS,23.0,1998-99,50,39.3,21.7,11.4,2.4,0.9,2.5,2.9,0.495,0.143,0.69,7.4,0.541,0.272,0.17,103.2,92.5,10.7,0.285,0.132,0.321,12.3,1.6,3.3,Pre-Analytics
1998-99,4,Allen Iverson,PHI,5,319,1170,0.273,,,,,,,,,,,,,,allen iverson,0,947,Allen Iverson,PHI,24.0,1998-99,48,41.5,26.8,4.9,4.6,2.3,0.1,3.5,0.412,0.291,0.751,3.9,0.508,0.318,0.154,98.7,94.3,4.4,0.341,0.286,0.133,8.8,6.8,6.8,Pre-Analytics
1998-99,5,Jason Kidd,PHO,2,159,1170,0.136,,,,,,,,,,,,,,jason kidd,0,467,Jason Kidd,PHX,26.0,1998-99,50,41.3,16.9,6.8,10.8,2.3,0.4,3.0,0.444,0.366,0.757,4.3,0.527,0.21,0.164,105.3,100.3,5.0,0.203,0.49,0.196,6.6,4.0,3.8,Pre-Analytics
1998-99,6,Shaquille O'Neal,LAL,1,89,1170,0.076,,,,,,,,,,,,,,shaquille o'neal,0,406,Shaquille O'Neal,LAL,27.0,1998-99,49,34.8,26.3,10.7,2.3,0.7,1.7,2.5,0.576,0.0,0.54,4.6,0.584,0.323,0.192,109.7,102.7,7.0,0.358,0.134,0.352,20.1,1.4,3.7,Pre-Analytics
1998-99,7,Chris Webber,SAC,0,51,1170,0.044,,,,,,,,,,,,,,chris webber,0,185,Chris Webber,SAC,26.0,1998-99,42,41.0,20.0,13.0,4.1,1.4,2.1,3.5,0.486,0.118,0.454,0.9,0.491,0.246,0.14,101.2,100.1,1.1,0.236,0.209,0.339,13.3,2.6,2.8,Pre-Analytics
1998-99,8,Grant Hill,DET,0,39,1170,0.033,,,,,,,,,,,,,,grant hill,0,255,Grant Hill,DET,26.0,1998-99,50,37.0,21.1,7.1,6.0,1.6,0.5,3.7,0.479,0.0,0.752,3.8,0.543,0.291,0.179,104.3,98.7,5.6,0.293,0.377,0.233,8.8,2.8,3.6,Pre-Analytics
1998-99,9,Gary Payton,SEA,0,35,1170,0.03,,,,,,,,,,,,,,gary payton,0,56,Gary Payton,SEA,30.0,1998-99,50,40.2,21.7,4.9,8.7,2.2,0.2,3.1,0.434,0.295,0.721,0.6,0.519,0.266,0.156,105.3,104.6,0.7,0.27,0.473,0.14,10.9,3.7,4.2,Pre-Analytics
1999-00,1,Shaquille O'Neal,LAL,120,1207,1210,0.998,,,,,,,,,,,,,,shaquille o'neal,1,406,Shaquille O'Neal,LAL,28.0,1999-00,79,40.1,29.7,13.6,3.8,0.5,3.0,2.8,0.574,0.0,0.524,8.9,0.578,0.311,0.214,107.7,96.2,11.5,0.35,0.189,0.349,22.5,1.8,4.3,Pre-Analytics
1999-00,2,Kevin Garnett,MIN,0,408,1210,0.337,,,,,,,,,,,,,,kevin garnett,0,708,Kevin Garnett,MIN,24.0,1999-00,81,40.0,22.9,11.8,5.0,1.5,1.6,3.3,0.497,0.37,0.765,4.0,0.545,0.273,0.18,105.7,100.3,5.4,0.279,0.217,0.338,9.6,2.0,3.8,Pre-Analytics
1999-00,3,Alonzo Mourning,MIA,0,367,1210,0.303,,,,,,,,,,,,,,alonzo mourning,0,297,Alonzo Mourning,MIA,30.0,1999-00,79,34.7,21.7,9.5,1.6,0.5,3.7,2.7,0.551,0.0,0.711,3.4,0.596,0.279,0.171,103.7,98.6,5.1,0.315,0.088,0.307,10.8,1.5,3.1,Pre-Analytics
1999-00,4,Karl Malone,UTA,0,312,1210,0.258,,,,,,,,,,,,,,karl malone,0,252,Karl Malone,UTA,36.0,1999-00,82,35.9,25.5,9.5,3.7,1.0,0.9,2.8,0.509,0.25,0.797,5.9,0.582,0.316,0.199,109.4,100.7,8.6,0.338,0.184,0.321,9.6,3.1,4.4,Pre-Analytics
1999-00,5,Tim Duncan,SAN,0,248,1210,0.205,,,,,,,,,,,,,,tim duncan,0,1495,Tim Duncan,SAS,24.0,1999-00,74,38.9,23.2,12.4,3.2,0.9,2.2,3.3,0.49,0.091,0.761,6.4,0.555,0.284,0.183,103.6,95.0,8.6,0.297,0.172,0.345,11.0,1.4,3.5,Pre-Analytics
1999-00,6,Gary Payton,SEA,0,180,1210,0.149,,,,,,,,,,,,,,gary payton,0,56,Gary Payton,SEA,31.0,1999-00,82,41.8,24.2,6.5,8.9,1.9,0.2,2.7,0.448,0.34,0.735,2.7,0.535,0.264,0.166,105.3,102.2,3.0,0.278,0.44,0.172,10.2,4.0,4.6,Pre-Analytics
1999-00,7,Allen Iverson,PHI,1,132,1210,0.109,,,,,,,,,,,,,,allen iverson,0,947,Allen Iverson,PHI,25.0,1999-00,70,40.8,28.4,3.8,4.7,2.1,0.1,3.3,0.421,0.341,0.713,1.8,0.496,0.334,0.126,102.0,99.9,2.0,0.343,0.245,0.103,10.8,6.1,6.5,Pre-Analytics
1999-00,8,Grant Hill,DET,0,113,1210,0.093,,,,,,,,,,,,,,grant hill,0,255,Grant Hill,DET,27.0,1999-00,74,37.5,25.8,6.6,5.2,1.4,0.6,3.2,0.489,0.347,0.795,3.2,0.565,0.298,0.17,107.7,103.7,4.0,0.311,0.313,0.21,10.4,4.5,4.4,Pre-Analytics
1999-00,9,Chris Webber,SAC,0,96,1210,0.079,,,,,,,,,,,,,,chris webber,0,185,Chris Webber,SAC,27.0,1999-00,75,38.4,24.5,10.5,4.6,1.6,1.7,2.9,0.483,0.284,0.751,1.8,0.53,0.279,0.159,103.3,101.2,2.1,0.29,0.234,0.3,11.4,2.8,4.2,Pre-Analytics
1999-00,10,Vince Carter,TOR,0,51,1210,0.042,,,,,,,,,,,,,,vince carter,0,1713,Vince Carter,TOR,23.0,1999-00,82,38.1,25.7,5.8,3.9,1.3,1.1,2.2,0.465,0.403,0.791,2.2,0.543,0.295,0.147,105.5,102.3,3.2,0.322,0.2,0.168,8.4,4.0,3.9,Pre-Analytics
2000-01,1,Allen Iverson,PHI,93,1121,1240,0.904,,,,,,,,,,,,,,allen iverson,1,947,Allen Iverson,PHI,26.0,2000-01,71,41.9,31.1,3.8,4.6,2.5,0.3,3.3,0.42,0.32,0.814,5.2,0.518,0.349,0.155,102.6,96.5,6.1,0.369,0.259,0.098,10.8,7.0,6.4,Pre-Analytics
2000-01,2,Tim Duncan,SAN,18,706,1240,0.569,,,,,,,,,,,,,,tim duncan,0,1495,Tim Duncan,SAS,25.0,2000-01,82,38.7,22.2,12.2,3.0,0.9,2.3,3.0,0.499,0.259,0.618,8.4,0.536,0.284,0.17,105.5,94.0,11.5,0.286,0.17,0.339,11.4,1.3,3.3,Pre-Analytics
2000-01,3,Shaquille O'Neal,LAL,7,578,1240,0.466,,,,,,,,,,,,,,shaquille o'neal,0,406,Shaquille O'Neal,LAL,29.0,2000-01,74,39.5,28.7,12.7,3.7,0.6,2.8,2.9,0.572,0.0,0.513,6.3,0.574,0.315,0.186,111.0,102.6,8.4,0.339,0.185,0.35,20.0,1.4,3.6,Pre-Analytics
2000-01,4,Chris Webber,SAC,5,521,1240,0.42,,,,,,,,,,,,,,chris webber,0,185,Chris Webber,SAC,28.0,2000-01,70,40.5,27.1,11.1,4.2,1.3,1.7,2.8,0.481,0.071,0.703,5.3,0.516,0.311,0.169,103.8,97.4,6.4,0.32,0.22,0.294,13.5,3.0,4.6,Pre-Analytics
2000-01,5,Kevin Garnett,MIN,1,151,1240,0.122,,,,,,,,,,,,,,kevin garnett,0,708,Kevin Garnett,MIN,25.0,2000-01,81,39.5,22.0,11.4,5.0,1.4,1.8,2.8,0.477,0.288,0.764,2.5,0.531,0.268,0.174,104.6,101.0,3.6,0.275,0.232,0.332,9.7,1.7,3.2,Pre-Analytics
2000-01,6,Tracy McGrady,ORL,0,64,1240,0.052,,,,,,,,,,,,,,tracy mcgrady,0,1503,Tracy McGrady,ORL,22.0,2000-01,77,40.2,26.8,7.5,4.6,1.5,1.5,2.6,0.457,0.355,0.733,3.3,0.521,0.309,0.171,104.3,99.8,4.5,0.326,0.245,0.211,10.2,4.0,5.0,Pre-Analytics
2001-02,1,Tim Duncan,SAS,57,954,1260,0.757,25.0,82.0,40.6,25.5,12.7,3.7,0.7,2.5,0.508,0.1,0.799,17.8,0.257,tim duncan,1,1495,Tim Duncan,SAS,26.0,2001-02,82,40.6,25.5,12.7,3.7,0.7,2.5,3.2,0.508,0.1,0.799,6.8,0.576,0.289,0.207,105.9,96.7,9.2,0.312,0.222,0.359,13.1,1.5,4.4,Pre-Analytics
2001-02,10,Ben Wallace,DET,0,24,1260,0.019,27.0,80.0,36.5,7.6,13.0,1.4,1.7,3.5,0.531,0.0,0.423,11.6,0.19,ben wallace,0,1112,Ben Wallace,DET,27.0,2001-02,80,36.5,7.6,13.0,1.4,1.7,3.5,0.9,0.531,0.0,0.423,1.9,0.522,0.104,0.142,102.4,99.4,3.0,0.107,0.089,0.435,5.8,0.5,1.3,Pre-Analytics
2001-02,11,Paul Pierce,BOS,0,22,1260,0.017,24.0,82.0,40.3,26.1,6.9,3.2,1.9,1.0,0.442,0.404,0.809,12.9,0.187,paul pierce,0,1718,Paul Pierce,BOS,24.0,2001-02,82,40.2,26.1,6.9,3.2,1.9,1.0,2.9,0.442,0.404,0.809,3.8,0.57,0.289,0.153,103.8,99.2,4.6,0.32,0.179,0.197,7.1,2.9,4.2,Pre-Analytics
2001-02,12,Kevin Garnett,MIN,0,17,1260,0.013,25.0,81.0,39.2,21.2,12.1,5.2,1.2,1.6,0.47,0.319,0.801,12.8,0.194,kevin garnett,0,708,Kevin Garnett,MIN,26.0,2001-02,81,39.2,21.2,12.1,5.2,1.2,1.6,2.8,0.47,0.319,0.801,4.4,0.536,0.258,0.176,108.2,102.6,5.5,0.26,0.254,0.333,8.1,1.3,3.1,Pre-Analytics
2001-02,13,Michael Jordan,WAS,0,16,1260,0.013,38.0,60.0,34.9,22.9,5.7,5.2,1.4,0.4,0.416,0.189,0.79,3.3,0.075,michael jordan,0,893,Michael Jordan,WAS,39.0,2001-02,60,34.8,22.9,5.7,5.2,1.4,0.4,2.7,0.416,0.189,0.79,0.3,0.468,0.356,0.143,105.3,105.7,-0.3,0.332,0.331,0.187,5.6,1.4,3.6,Pre-Analytics
2001-02,14,Steve Nash,DAL,0,5,1260,0.004,27.0,82.0,34.6,17.9,3.1,7.7,0.6,0.0,0.483,0.455,0.887,9.9,0.167,steve nash,0,959,Steve Nash,DAL,28.0,2001-02,82,34.6,17.9,3.1,7.7,0.6,0.0,2.8,0.483,0.455,0.887,3.8,0.602,0.223,0.136,110.7,105.2,5.5,0.235,0.478,0.103,5.2,3.0,2.7,Pre-Analytics
2001-02,15,Jerry Stackhouse,DET,0,3,1260,0.002,27.0,76.0,35.3,21.4,4.1,5.3,1.0,0.5,0.397,0.287,0.858,5.8,0.104,jerry stackhouse,0,711,Jerry Stackhouse,DET,27.0,2001-02,76,35.3,21.4,4.1,5.3,1.0,0.5,3.5,0.397,0.287,0.858,1.3,0.518,0.314,0.131,102.1,100.3,1.9,0.308,0.339,0.146,5.6,4.0,3.8,Pre-Analytics
2001-02,16T,Mike Bibby,SAC,0,1,1260,0.001,23.0,80.0,33.2,13.7,2.8,5.0,1.1,0.2,0.453,0.37,0.803,6.3,0.113,mike bibby,0,1710,Mike Bibby,SAC,24.0,2001-02,80,33.2,13.7,2.8,5.0,1.1,0.2,1.7,0.453,0.37,0.803,4.9,0.513,0.195,0.097,107.2,99.5,7.7,0.188,0.294,0.09,3.8,2.4,2.6,Pre-Analytics
2001-02,16T,Elton Brand,LAC,0,1,1260,0.001,22.0,80.0,37.8,18.2,11.6,2.4,1.0,2.0,0.527,,0.742,13.6,0.216,elton brand,0,1882,Elton Brand,LAC,23.0,2001-02,80,37.7,18.2,11.6,2.4,1.0,2.0,2.2,0.527,0.0,0.742,0.1,0.586,0.209,0.151,105.4,105.2,0.2,0.241,0.145,0.337,10.6,1.4,2.3,Pre-Analytics
2001-02,16T,Peja Stojaković,SAC,0,1,1260,0.001,24.0,71.0,37.3,21.2,5.3,2.5,1.1,0.2,0.484,0.416,0.876,9.9,0.179,peja stojakovic,0,978,Peja Stojakovic,SAC,25.0,2001-02,71,37.3,21.2,5.3,2.5,1.1,0.2,2.0,0.484,0.416,0.876,5.4,0.592,0.232,0.125,108.6,100.9,7.6,0.258,0.129,0.154,6.6,3.9,3.8,Pre-Analytics
2001-02,2,Jason Kidd,NJN,45,897,1260,0.712,28.0,82.0,37.3,14.7,7.3,9.9,2.1,0.2,0.391,0.321,0.814,8.9,0.14,jason kidd,0,467,Jason Kidd,NJN,29.0,2001-02,82,37.3,14.7,7.3,9.9,2.1,0.2,3.5,0.391,0.321,0.814,4.2,0.484,0.217,0.156,104.0,98.5,5.5,0.192,0.499,0.212,3.7,2.6,2.5,Pre-Analytics
2001-02,3,Shaquille O'Neal,LAL,15,696,1260,0.552,29.0,67.0,36.1,27.2,10.7,3.0,0.6,2.0,0.579,0.0,0.555,13.2,0.262,shaquille o'neal,0,406,Shaquille O'Neal,LAL,30.0,2001-02,67,36.1,27.2,10.7,3.0,0.6,2.0,2.6,0.579,0.0,0.555,8.5,0.59,0.314,0.193,110.4,98.6,11.8,0.349,0.164,0.314,20.1,1.9,4.0,Pre-Analytics
2001-02,4,Tracy McGrady,ORL,7,390,1260,0.31,22.0,76.0,38.3,25.6,7.9,5.3,1.6,1.0,0.451,0.364,0.748,11.5,0.189,tracy mcgrady,0,1503,Tracy McGrady,ORL,23.0,2001-02,76,38.3,25.6,7.8,5.3,1.6,1.0,2.5,0.451,0.364,0.748,3.9,0.532,0.31,0.165,108.1,102.9,5.1,0.315,0.293,0.24,10.1,3.4,4.3,Pre-Analytics
2001-02,5,Kobe Bryant,LAL,1,98,1260,0.078,23.0,80.0,38.3,25.2,5.5,5.5,1.5,0.4,0.469,0.25,0.829,12.7,0.199,kobe bryant,0,977,Kobe Bryant,LAL,23.0,2001-02,80,38.3,25.2,5.5,5.5,1.5,0.4,2.8,0.469,0.25,0.829,5.6,0.544,0.299,0.156,109.1,101.7,7.4,0.309,0.301,0.159,9.9,3.6,4.3,Pre-Analytics
2001-02,6,Gary Payton,SEA,1,54,1260,0.043,33.0,82.0,40.3,22.1,4.8,9.0,1.6,0.3,0.467,0.314,0.797,12.6,0.183,gary payton,0,56,Gary Payton,SEA,33.0,2001-02,82,40.2,22.1,4.8,9.0,1.6,0.3,2.5,0.467,0.314,0.797,2.5,0.526,0.266,0.16,107.0,103.8,3.2,0.27,0.462,0.143,10.6,3.2,4.1,Pre-Analytics
2001-02,7,Chris Webber,SAC,0,37,1260,0.029,28.0,54.0,38.4,24.5,10.1,4.8,1.7,1.4,0.495,0.263,0.749,8.6,0.2,chris webber,0,185,Chris Webber,SAC,29.0,2001-02,54,38.4,24.5,10.1,4.8,1.7,1.4,2.9,0.495,0.263,0.749,7.6,0.54,0.288,0.158,110.3,100.4,9.9,0.285,0.235,0.291,10.9,3.0,4.1,Pre-Analytics
2001-02,8,Dirk Nowitzki,DAL,0,31,1260,0.025,23.0,76.0,38.0,23.4,9.9,2.4,1.1,1.0,0.477,0.397,0.853,13.4,0.222,dirk nowitzki,0,1717,Dirk Nowitzki,DAL,24.0,2001-02,76,38.0,23.4,9.9,2.4,1.1,1.0,1.9,0.477,0.397,0.853,5.4,0.599,0.25,0.159,112.8,105.9,6.9,0.275,0.137,0.298,6.2,3.9,3.4,Pre-Analytics
2001-02,9,Allen Iverson,PHI,0,29,1260,0.023,26.0,60.0,43.7,31.4,4.5,5.5,2.8,0.2,0.398,0.291,0.812,6.9,0.126,allen iverson,0,947,Allen Iverson,PHI,27.0,2001-02,60,43.7,31.4,4.5,5.5,2.8,0.2,4.0,0.398,0.291,0.812,4.7,0.489,0.365,0.149,102.1,96.6,5.5,0.367,0.302,0.109,10.2,6.6,6.1,Pre-Analytics
2002-03,1,Tim Duncan,SAS,60,962,1190,0.808,26.0,81.0,39.3,23.3,12.9,3.9,0.7,2.9,0.513,0.273,0.71,16.5,0.248,tim duncan,1,1495,Tim Duncan,SAS,27.0,2002-03,81,39.3,23.3,12.9,3.9,0.7,2.9,3.1,0.513,0.273,0.71,6.8,0.564,0.276,0.206,105.6,96.4,9.2,0.294,0.237,0.367,13.0,1.0,3.2,Pre-Analytics
2002-03,10,Chris Webber,SAC,0,19,1190,0.016,29.0,67.0,39.1,23.0,10.5,5.4,1.6,1.3,0.461,0.238,0.607,6.9,0.127,chris webber,0,185,Chris Webber,SAC,30.0,2002-03,67,39.1,23.0,10.5,5.4,1.6,1.3,3.2,0.461,0.238,0.607,6.0,0.485,0.3,0.147,105.3,97.8,7.5,0.274,0.259,0.3,10.1,1.7,3.4,Pre-Analytics
2002-03,11T,Jamal Mashburn,NOH,0,1,1190,0.001,30.0,82.0,40.5,21.6,6.1,5.6,1.0,0.2,0.422,0.389,0.848,9.0,0.13,jamal mashburn,0,469,Jamal Mashburn,NOH,30.0,2002-03,82,40.6,21.6,6.1,5.6,1.0,0.2,2.8,0.422,0.389,0.848,1.9,0.507,0.265,0.137,103.1,100.5,2.6,0.272,0.306,0.167,6.4,1.8,3.0,Pre-Analytics
2002-03,11T,Steve Nash,DAL,0,1,1190,0.001,28.0,82.0,33.1,17.7,2.9,7.3,1.0,0.1,0.465,0.413,0.909,11.6,0.206,steve nash,0,959,Steve Nash,DAL,29.0,2002-03,82,33.1,17.8,2.9,7.3,1.0,0.1,2.3,0.465,0.413,0.909,6.6,0.576,0.236,0.146,111.2,101.3,9.9,0.244,0.465,0.099,6.5,3.1,3.2,Pre-Analytics
2002-03,11T,Paul Pierce,BOS,0,1,1190,0.001,25.0,79.0,39.2,25.9,7.3,4.4,1.8,0.8,0.416,0.302,0.802,10.1,0.157,paul pierce,0,1718,Paul Pierce,BOS,25.0,2002-03,79,39.2,25.9,7.3,4.4,1.8,0.8,3.6,0.416,0.302,0.802,1.6,0.532,0.322,0.158,101.9,99.9,2.0,0.336,0.276,0.22,8.7,2.5,4.6,Pre-Analytics
2002-03,2,Kevin Garnett,MIN,43,871,1190,0.732,26.0,82.0,40.5,23.0,13.4,6.0,1.4,1.6,0.502,0.282,0.751,15.6,0.225,kevin garnett,0,708,Kevin Garnett,MIN,27.0,2002-03,82,40.5,23.0,13.4,6.0,1.4,1.6,2.8,0.502,0.282,0.751,5.1,0.553,0.258,0.197,106.8,100.6,6.2,0.272,0.277,0.362,9.2,1.4,3.5,Pre-Analytics
2002-03,3,Kobe Bryant,LAL,8,496,1190,0.417,24.0,82.0,41.5,30.0,6.9,5.9,2.2,0.8,0.451,0.383,0.843,14.9,0.21,kobe bryant,0,977,Kobe Bryant,LAL,24.0,2002-03,82,41.5,30.0,6.9,5.9,2.2,0.8,3.5,0.451,0.383,0.843,3.2,0.55,0.323,0.18,106.4,102.8,3.6,0.345,0.294,0.181,9.0,3.3,5.2,Pre-Analytics
2002-03,4,Tracy McGrady,ORL,4,427,1190,0.359,23.0,75.0,39.4,32.1,6.5,5.5,1.7,0.8,0.457,0.386,0.793,16.1,0.262,tracy mcgrady,0,1503,Tracy McGrady,ORL,24.0,2002-03,75,39.3,32.1,6.5,5.5,1.7,0.8,2.6,0.457,0.386,0.793,2.7,0.564,0.347,0.192,108.1,104.5,3.6,0.38,0.319,0.196,8.8,4.0,5.6,Pre-Analytics
2002-03,5,Shaquille O'Neal,LAL,3,126,1190,0.106,30.0,67.0,37.8,27.5,11.1,3.1,0.6,2.4,0.574,,0.622,13.2,0.25,shaquille o'neal,0,406,Shaquille O'Neal,LAL,31.0,2002-03,67,37.8,27.5,11.1,3.1,0.6,2.4,2.9,0.574,0.0,0.622,5.4,0.602,0.3,0.18,110.4,103.5,6.9,0.334,0.157,0.32,19.6,1.7,3.5,Pre-Analytics
2002-03,6,Allen Iverson,PHI,0,83,1190,0.07,27.0,82.0,42.5,27.6,4.2,5.5,2.7,0.2,0.414,0.277,0.774,9.2,0.127,allen iverson,0,947,Allen Iverson,PHI,28.0,2002-03,82,42.5,27.6,4.2,5.5,2.7,0.2,3.5,0.414,0.277,0.774,2.2,0.5,0.324,0.137,103.3,100.6,2.7,0.321,0.293,0.114,9.1,5.5,6.8,Pre-Analytics
2002-03,7,Dirk Nowitzki,DAL,0,43,1190,0.036,24.0,80.0,39.0,25.1,9.9,3.0,1.4,1.0,0.463,0.379,0.881,16.1,0.249,dirk nowitzki,0,1717,Dirk Nowitzki,DAL,25.0,2002-03,80,39.0,25.1,9.9,3.0,1.4,1.0,1.9,0.463,0.379,0.881,9.7,0.581,0.269,0.179,112.2,99.3,12.9,0.293,0.163,0.289,6.1,3.2,3.9,Pre-Analytics
2002-03,8,Ben Wallace,DET,1,33,1190,0.028,28.0,73.0,39.4,6.9,15.4,1.6,1.4,3.2,0.481,0.167,0.45,10.6,0.176,ben wallace,0,1112,Ben Wallace,DET,28.0,2002-03,73,39.3,6.9,15.4,1.6,1.4,3.2,1.2,0.481,0.167,0.45,3.0,0.486,0.101,0.153,101.2,96.6,4.6,0.095,0.105,0.462,5.0,0.3,0.9,Pre-Analytics
2002-03,9,Jason Kidd,NJN,0,31,1190,0.026,29.0,80.0,37.4,18.7,6.3,8.9,2.2,0.3,0.414,0.341,0.841,11.3,0.182,jason kidd,0,467,Jason Kidd,NJN,30.0,2002-03,80,37.4,18.7,6.3,8.9,2.2,0.3,3.7,0.414,0.341,0.841,6.2,0.526,0.248,0.174,104.7,96.4,8.2,0.243,0.47,0.185,5.2,4.7,3.9,Pre-Analytics
2003-04,1,Kevin Garnett,MIN,120,1219,1230,0.991,27.0,82.0,39.4,24.2,13.9,5.0,1.5,2.2,0.499,0.256,0.791,18.3,0.272,kevin garnett,1,708,Kevin Garnett,MIN,28.0,2003-04,82,39.5,24.2,13.9,5.0,1.5,2.2,2.6,0.499,0.256,0.791,7.5,0.547,0.291,0.222,106.3,96.7,9.6,0.304,0.254,0.392,9.7,1.8,3.6,Pre-Analytics
2003-04,10T,Sam Cassell,MIN,0,4,1230,0.003,34.0,81.0,35.0,19.8,3.3,7.3,1.3,0.2,0.488,0.398,0.873,12.1,0.205,sam cassell,0,208,Sam Cassell,MIN,34.0,2003-04,81,35.2,19.8,3.3,7.3,1.3,0.2,2.7,0.488,0.398,0.873,6.6,0.566,0.264,0.151,107.1,97.3,9.8,0.277,0.419,0.105,4.6,2.8,2.9,Pre-Analytics
2003-04,10T,Baron Davis,NOH,0,4,1230,0.003,24.0,67.0,40.1,22.9,4.3,7.5,2.4,0.4,0.395,0.321,0.673,7.5,0.133,baron davis,0,1884,Baron Davis,NOH,25.0,2003-04,67,40.1,22.9,4.3,7.5,2.4,0.4,3.2,0.395,0.321,0.673,2.6,0.492,0.295,0.136,102.5,98.9,3.5,0.293,0.43,0.118,7.3,4.3,5.1,Pre-Analytics
2003-04,10T,Dirk Nowitzki,DAL,0,4,1230,0.003,25.0,77.0,37.9,21.8,8.7,2.7,1.2,1.4,0.462,0.341,0.877,11.5,0.19,dirk nowitzki,0,1717,Dirk Nowitzki,DAL,26.0,2003-04,77,37.9,21.8,8.7,2.7,1.2,1.4,1.8,0.462,0.341,0.877,5.3,0.561,0.242,0.14,112.1,105.4,6.7,0.259,0.138,0.248,5.3,3.1,3.6,Pre-Analytics
2003-04,13,Andrei Kirilenko,UTA,0,2,1230,0.002,22.0,78.0,37.1,16.5,8.1,3.1,1.9,2.8,0.443,0.338,0.79,11.6,0.192,andrei kirilenko,0,1905,Andrei Kirilenko,UTA,23.0,2003-04,78,37.3,16.5,8.1,3.1,1.9,2.8,2.8,0.443,0.338,0.79,1.1,0.559,0.215,0.163,102.4,100.6,1.8,0.234,0.192,0.25,7.7,2.9,3.1,Pre-Analytics
2003-04,14T,Carmelo Anthony,DEN,0,1,1230,0.001,19.0,82.0,36.5,21.0,6.1,2.8,1.2,0.5,0.426,0.322,0.777,6.1,0.098,carmelo anthony,0,2546,Carmelo Anthony,DEN,20.0,2003-04,82,36.5,21.0,6.1,2.8,1.2,0.5,3.0,0.426,0.322,0.777,0.8,0.509,0.282,0.105,103.6,102.5,1.1,0.279,0.164,0.191,9.3,4.7,4.0,Pre-Analytics
2003-04,14T,Yao Ming,HOU,0,1,1230,0.001,23.0,82.0,32.8,17.5,9.0,1.5,0.3,1.9,0.522,0.0,0.809,11.4,0.202,yao ming,0,2397,Yao Ming,HOU,23.0,2003-04,82,32.9,17.5,9.0,1.5,0.3,1.9,2.5,0.522,0.0,0.809,2.5,0.586,0.249,0.158,100.8,96.8,3.9,0.282,0.11,0.31,9.1,0.5,2.3,Pre-Analytics
2003-04,14T,Michael Redd,MIL,0,1,1230,0.001,24.0,82.0,36.8,21.7,5.0,2.3,1.0,0.1,0.44,0.35,0.868,9.7,0.154,michael redd,0,2072,Michael Redd,MIL,24.0,2003-04,82,36.8,21.7,5.0,2.3,1.0,0.1,1.4,0.44,0.35,0.868,-0.7,0.544,0.254,0.123,103.6,104.9,-1.3,0.288,0.131,0.152,7.4,3.3,3.4,Pre-Analytics
2003-04,2,Tim Duncan,SAS,0,716,1230,0.582,27.0,69.0,36.6,22.3,12.4,3.1,0.9,2.7,0.501,0.167,0.599,13.1,0.249,tim duncan,0,1495,Tim Duncan,SAS,28.0,2003-04,69,36.6,22.3,12.4,3.1,0.9,2.7,2.7,0.501,0.167,0.599,7.9,0.534,0.296,0.212,101.5,90.1,11.4,0.32,0.195,0.359,12.4,1.4,3.7,Pre-Analytics
2003-04,3,Jermaine O'Neal,IND,2,523,1230,0.425,25.0,78.0,35.7,20.1,10.0,2.1,0.8,2.6,0.434,0.111,0.757,9.0,0.155,jermaine o'neal,0,979,Jermaine O'Neal,IND,25.0,2003-04,78,35.8,20.1,10.0,2.1,0.8,2.6,2.3,0.434,0.111,0.757,5.7,0.489,0.298,0.149,103.6,95.5,8.1,0.292,0.125,0.319,9.1,1.1,3.4,Pre-Analytics
2003-04,4,Peja Stojaković,SAC,1,281,1230,0.228,26.0,81.0,40.3,24.2,6.3,2.1,1.3,0.2,0.48,0.433,0.927,13.5,0.198,peja stojakovic,0,978,Peja Stojakovic,SAC,27.0,2003-04,81,40.4,24.2,6.3,2.1,1.3,0.2,1.9,0.48,0.433,0.927,5.3,0.624,0.234,0.138,109.6,102.9,6.7,0.277,0.095,0.184,6.3,3.2,4.0,Pre-Analytics
2003-04,5,Kobe Bryant,LAL,0,212,1230,0.172,25.0,65.0,37.6,24.0,5.5,5.1,1.7,0.4,0.438,0.327,0.852,10.7,0.21,kobe bryant,0,977,Kobe Bryant,LAL,25.0,2003-04,65,37.7,24.0,5.5,5.1,1.7,0.4,2.6,0.438,0.327,0.852,4.8,0.551,0.281,0.156,106.1,100.0,6.1,0.303,0.268,0.162,9.0,2.9,4.6,Pre-Analytics
2003-04,6,Shaquille O'Neal,LAL,0,178,1230,0.145,31.0,67.0,36.8,21.5,11.5,2.9,0.5,2.5,0.584,,0.49,9.9,0.192,shaquille o'neal,0,406,Shaquille O'Neal,LAL,32.0,2003-04,67,36.8,21.5,11.5,2.9,0.5,2.5,2.9,0.584,0.0,0.49,6.6,0.578,0.258,0.156,107.5,98.4,9.0,0.277,0.151,0.332,16.0,1.2,2.8,Pre-Analytics
2003-04,7,Ben Wallace,DET,0,24,1230,0.02,29.0,81.0,37.7,9.5,12.4,1.7,1.8,3.0,0.421,0.125,0.49,10.2,0.16,ben wallace,0,1112,Ben Wallace,DET,29.0,2003-04,81,37.8,9.5,12.4,1.7,1.8,3.0,1.5,0.421,0.125,0.49,5.4,0.441,0.15,0.134,100.4,93.2,7.3,0.134,0.105,0.367,6.7,0.7,1.4,Pre-Analytics
2003-04,8,Jason Kidd,NJN,0,17,1230,0.014,30.0,67.0,36.6,15.5,6.4,9.2,1.8,0.2,0.384,0.321,0.827,7.2,0.141,jason kidd,0,467,Jason Kidd,NJN,31.0,2003-04,67,36.8,15.5,6.4,9.2,1.8,0.2,3.2,0.384,0.321,0.827,5.4,0.485,0.235,0.157,101.6,93.9,7.8,0.214,0.465,0.202,3.6,3.4,2.8,Pre-Analytics
2003-04,9,LeBron James,CLE,0,11,1230,0.009,19.0,79.0,39.5,20.9,5.5,5.9,1.6,0.7,0.417,0.29,0.754,5.1,0.078,lebron james,0,2544,LeBron James,CLE,19.0,2003-04,79,39.6,20.9,5.5,5.9,1.6,0.7,3.5,0.417,0.29,0.754,-1.8,0.488,0.276,0.123,101.4,103.4,-2.0,0.27,0.322,0.147,9.5,5.1,4.3,Pre-Analytics
2004-05,1,Steve Nash,PHO,65,1066,1270,0.839,30.0,75.0,34.3,15.5,3.3,11.5,1.0,0.1,0.502,0.431,0.887,10.9,0.203,steve nash,1,959,Steve Nash,PHX,31.0,2004-05,75,34.2,15.5,3.3,11.5,1.0,0.1,3.3,0.502,0.431,0.887,8.9,0.606,0.201,0.145,118.6,105.7,12.9,0.188,0.616,0.108,4.3,1.9,2.3,Pre-Analytics
2004-05,11,Kevin Garnett,MIN,0,15,1270,0.012,28.0,82.0,38.1,22.2,13.5,5.7,1.5,1.4,0.502,0.24,0.811,16.1,0.248,kevin garnett,0,708,Kevin Garnett,MIN,29.0,2004-05,82,38.1,22.2,13.5,5.7,1.5,1.4,2.7,0.502,0.24,0.811,1.7,0.567,0.268,0.213,106.9,104.6,2.3,0.286,0.296,0.4,9.5,1.4,2.7,Pre-Analytics
2004-05,12,Gilbert Arenas,WAS,0,4,1270,0.003,23.0,80.0,40.9,25.5,4.7,5.1,1.7,0.3,0.431,0.365,0.814,11.5,0.169,gilbert arenas,0,2240,Gilbert Arenas,WAS,23.0,2004-05,80,41.0,25.5,4.7,5.1,1.7,0.3,3.0,0.431,0.365,0.814,1.2,0.565,0.265,0.138,106.7,105.7,1.0,0.292,0.321,0.129,7.0,3.8,4.8,Pre-Analytics
2004-05,13,Vince Carter,TOT,0,3,1270,0.002,28.0,77.0,36.7,24.5,5.2,4.2,1.4,0.6,0.452,0.406,0.798,9.4,0.159,vince carter,0,1713,Vince Carter,NJN,28.0,2004-05,77,36.9,24.5,5.2,4.2,1.4,0.6,2.2,0.452,0.406,0.798,0.5,0.541,0.305,0.152,102.1,101.5,0.5,0.337,0.244,0.172,8.8,2.7,4.7,Pre-Analytics
2004-05,14T,P.J. Brown,NOH,0,1,1270,0.001,35.0,82.0,34.4,10.8,9.0,2.2,0.9,0.6,0.446,,0.864,6.9,0.118,p.j. brown,0,136,P.J. Brown,NOH,35.0,2004-05,82,34.5,10.8,9.0,2.2,0.9,0.6,1.2,0.446,0.0,0.864,-4.9,0.512,0.157,0.113,99.0,106.8,-7.8,0.169,0.139,0.308,4.0,0.7,1.6,Pre-Analytics
2004-05,14T,Marcus Camby,DEN,0,1,1270,0.001,30.0,66.0,30.5,10.3,10.0,2.3,0.9,3.0,0.465,0.0,0.723,5.8,0.138,marcus camby,0,948,Marcus Camby,DEN,31.0,2004-05,66,30.6,10.3,10.0,2.3,0.9,3.0,1.6,0.465,0.0,0.723,1.6,0.505,0.174,0.142,104.7,102.0,2.7,0.165,0.15,0.373,4.9,1.4,1.4,Pre-Analytics
2004-05,14T,Shawn Marion,PHO,0,1,1270,0.001,26.0,81.0,38.8,19.4,11.3,1.9,2.0,1.5,0.476,0.334,0.833,12.5,0.191,shawn marion,0,1890,Shawn Marion,PHX,27.0,2004-05,81,38.8,19.4,11.3,1.9,2.0,1.5,1.5,0.476,0.334,0.833,8.1,0.556,0.208,0.14,114.9,105.0,9.9,0.212,0.096,0.318,9.4,4.5,3.6,Pre-Analytics
2004-05,2,Shaquille O'Neal,MIA,58,1032,1270,0.813,32.0,73.0,34.1,22.9,10.4,2.7,0.5,2.3,0.601,,0.461,11.0,0.211,shaquille o'neal,0,406,Shaquille O'Neal,MIA,33.0,2004-05,73,34.2,22.9,10.4,2.7,0.5,2.3,2.8,0.601,0.0,0.461,6.5,0.583,0.301,0.161,111.8,101.7,10.0,0.31,0.167,0.339,17.3,0.8,2.5,Pre-Analytics
2004-05,3,Dirk Nowitzki,DAL,0,349,1270,0.275,26.0,78.0,38.7,26.1,9.7,3.1,1.2,1.5,0.459,0.399,0.869,15.6,0.248,dirk nowitzki,0,1717,Dirk Nowitzki,DAL,27.0,2004-05,78,38.8,26.1,9.7,3.1,1.2,1.5,2.3,0.459,0.399,0.869,7.5,0.578,0.284,0.186,111.2,101.7,9.5,0.306,0.191,0.279,5.9,3.0,4.3,Pre-Analytics
2004-05,4,Tim Duncan,SAS,1,328,1270,0.258,28.0,66.0,33.4,20.3,11.1,2.7,0.7,2.6,0.496,0.333,0.67,11.2,0.245,tim duncan,0,1495,Tim Duncan,SAS,29.0,2004-05,66,33.4,20.3,11.1,2.7,0.7,2.6,1.9,0.496,0.333,0.67,10.5,0.54,0.289,0.204,109.5,93.1,16.3,0.297,0.173,0.373,10.3,1.5,3.2,Pre-Analytics
2004-05,5,Allen Iverson,PHI,2,240,1270,0.189,29.0,75.0,42.3,30.7,4.0,7.9,2.4,0.1,0.424,0.308,0.835,9.0,0.136,allen iverson,0,947,Allen Iverson,PHI,30.0,2004-05,75,42.3,30.7,4.0,7.9,2.4,0.1,4.6,0.424,0.308,0.835,0.2,0.532,0.344,0.161,103.3,103.2,0.2,0.346,0.434,0.109,10.8,5.9,5.4,Pre-Analytics
2004-05,6,LeBron James,CLE,0,93,1270,0.073,20.0,80.0,42.4,27.2,7.4,7.2,2.2,0.7,0.472,0.351,0.75,14.3,0.203,lebron james,0,2544,LeBron James,CLE,20.0,2004-05,80,42.3,27.2,7.4,7.2,2.2,0.7,3.3,0.472,0.351,0.75,1.9,0.554,0.292,0.19,106.2,104.1,2.1,0.319,0.365,0.199,11.7,5.5,5.9,Pre-Analytics
2004-05,7,Tracy McGrady,HOU,0,44,1270,0.035,25.0,78.0,40.8,25.7,6.2,5.7,1.7,0.7,0.431,0.326,0.774,12.0,0.18,tracy mcgrady,0,1503,Tracy McGrady,HOU,26.0,2004-05,78,40.9,25.7,6.2,5.7,1.7,0.7,2.6,0.431,0.326,0.774,3.7,0.526,0.304,0.161,105.6,101.0,4.6,0.314,0.315,0.174,6.7,2.6,4.0,Pre-Analytics
2004-05,8,Dwyane Wade,MIA,0,43,1270,0.034,23.0,77.0,38.6,24.1,5.2,6.8,1.6,1.1,0.478,0.289,0.762,11.0,0.177,dwyane wade,0,2548,Dwyane Wade,MIA,23.0,2004-05,77,38.7,24.1,5.2,6.8,1.6,1.1,4.2,0.478,0.289,0.762,5.2,0.561,0.302,0.153,109.8,103.2,6.5,0.293,0.392,0.152,11.1,3.6,3.5,Pre-Analytics
2004-05,9T,Amar'e Stoudemire,PHO,1,41,1270,0.032,22.0,80.0,36.1,26.0,8.9,1.6,1.0,1.6,0.559,0.188,0.733,14.6,0.243,amar'e stoudemire,0,2405,Amar'e Stoudemire,PHX,22.0,2004-05,80,36.1,26.0,8.9,1.6,1.0,1.6,2.4,0.559,0.188,0.733,7.6,0.617,0.283,0.152,116.0,105.5,10.4,0.306,0.089,0.281,14.1,3.9,3.3,Pre-Analytics
2004-05,9T,Ray Allen,SEA,0,41,1270,0.032,29.0,78.0,39.3,23.9,4.4,3.7,1.1,0.1,0.428,0.376,0.883,10.7,0.168,ray allen,0,951,Ray Allen,SEA,29.0,2004-05,78,39.3,23.9,4.4,3.7,1.1,0.1,2.2,0.428,0.376,0.883,3.5,0.555,0.27,0.137,111.5,107.4,4.1,0.289,0.241,0.132,5.9,2.8,3.3,Pre-Analytics
2005-06,1,Steve Nash,PHO,57,924,1250,0.739,31.0,79.0,35.4,18.8,4.2,10.5,0.8,0.2,0.512,0.439,0.921,12.4,0.212,steve nash,1,959,Steve Nash,PHX,32.0,2005-06,79,35.4,18.8,4.2,10.5,0.8,0.2,3.5,0.512,0.439,0.921,6.0,0.632,0.227,0.166,112.3,104.1,8.2,0.234,0.524,0.14,5.9,2.2,2.8,Transition
2005-06,10T,Allen Iverson,PHI,0,1,1250,0.001,30.0,72.0,43.1,33.0,3.2,7.4,1.9,0.1,0.447,0.323,0.814,10.6,0.165,allen iverson,0,947,Allen Iverson,PHI,31.0,2005-06,72,43.1,33.0,3.2,7.4,1.9,0.1,3.4,0.447,0.323,0.814,-0.1,0.543,0.35,0.163,106.7,106.5,0.1,0.362,0.412,0.091,12.1,4.7,5.8,Transition
2005-06,10T,Shawn Marion,PHO,0,1,1250,0.001,27.0,81.0,40.3,21.8,11.8,1.8,2.0,1.7,0.525,0.331,0.809,14.6,0.214,shawn marion,0,1890,Shawn Marion,PHX,28.0,2005-06,81,40.3,21.8,11.8,1.8,2.0,1.7,1.5,0.525,0.331,0.809,5.1,0.591,0.218,0.159,109.9,103.7,6.2,0.242,0.079,0.34,12.6,4.4,4.2,Transition
2005-06,2,LeBron James,CLE,16,688,1250,0.55,21.0,79.0,42.5,31.4,7.0,6.6,1.6,0.8,0.48,0.335,0.738,16.3,0.232,lebron james,0,2544,LeBron James,CLE,21.0,2005-06,79,42.5,31.4,7.0,6.6,1.6,0.8,3.3,0.48,0.335,0.738,3.5,0.568,0.329,0.192,108.2,104.4,3.8,0.358,0.384,0.188,12.8,6.2,5.2,Transition
2005-06,3,Dirk Nowitzki,DAL,14,544,1250,0.435,27.0,81.0,38.1,26.6,9.0,2.8,0.7,1.0,0.48,0.406,0.901,17.7,0.275,dirk nowitzki,0,1717,Dirk Nowitzki,DAL,28.0,2005-06,81,38.1,26.6,9.0,2.8,0.7,1.0,1.9,0.48,0.406,0.901,6.3,0.589,0.293,0.205,111.9,103.3,8.6,0.333,0.192,0.271,6.8,2.6,4.4,Transition
2005-06,4,Kobe Bryant,LAL,22,483,1250,0.386,27.0,80.0,41.0,35.4,5.3,4.5,1.8,0.4,0.45,0.347,0.85,15.3,0.224,kobe bryant,0,977,Kobe Bryant,LAL,27.0,2005-06,80,41.0,35.4,5.3,4.5,1.8,0.4,3.1,0.45,0.347,0.85,4.0,0.559,0.378,0.181,109.7,105.0,4.7,0.405,0.243,0.15,9.6,4.3,5.9,Transition
2005-06,5,Chauncey Billups,DET,15,430,1250,0.344,29.0,81.0,36.1,18.5,3.1,8.6,0.9,0.1,0.418,0.433,0.894,15.5,0.254,chauncey billups,0,1497,Chauncey Billups,DET,29.0,2005-06,81,36.1,18.5,3.1,8.6,0.9,0.1,2.1,0.418,0.433,0.894,7.3,0.602,0.225,0.162,111.3,100.5,10.8,0.251,0.483,0.106,2.8,2.4,3.5,Transition
2005-06,6,Dwyane Wade,MIA,0,87,1250,0.07,24.0,75.0,38.6,27.2,5.7,6.7,1.9,0.8,0.495,0.171,0.783,14.4,0.239,dwyane wade,0,2548,Dwyane Wade,MIA,24.0,2005-06,75,38.6,27.2,5.7,6.7,1.9,0.8,3.6,0.495,0.171,0.783,6.5,0.577,0.318,0.186,110.5,102.1,8.4,0.327,0.392,0.164,12.5,4.5,3.9,Transition
2005-06,7,Elton Brand,LAC,1,50,1250,0.04,26.0,79.0,39.2,24.7,10.0,2.6,1.0,2.5,0.527,0.333,0.775,14.8,0.229,elton brand,0,1882,Elton Brand,LAC,27.0,2005-06,79,39.2,24.7,10.0,2.6,1.0,2.5,2.2,0.527,0.333,0.775,2.3,0.58,0.272,0.176,104.9,102.0,2.9,0.307,0.151,0.283,12.0,1.9,3.3,Transition
2005-06,8,Tim Duncan,SAS,0,33,1250,0.026,29.0,80.0,34.8,18.6,11.0,3.2,0.9,2.0,0.484,0.4,0.629,10.8,0.187,tim duncan,0,1495,Tim Duncan,SAS,30.0,2005-06,80,34.8,18.6,11.0,3.2,0.9,2.0,2.5,0.484,0.4,0.629,6.5,0.523,0.274,0.172,106.6,97.1,9.5,0.269,0.212,0.364,10.8,0.5,3.2,Transition
2005-06,9,Tony Parker,SAS,0,9,1250,0.007,23.0,80.0,33.9,18.9,3.3,5.8,1.0,0.1,0.548,0.306,0.707,9.6,0.169,tony parker,0,2225,Tony Parker,SAS,24.0,2005-06,80,33.9,18.9,3.3,5.8,1.0,0.1,3.1,0.548,0.306,0.707,6.4,0.584,0.266,0.154,107.7,97.5,10.1,0.274,0.4,0.112,11.2,3.9,3.6,Transition
2006-07,1,Dirk Nowitzki,DAL,83,1138,1290,0.882,28.0,78.0,36.2,24.6,8.9,3.4,0.7,0.8,0.502,0.416,0.904,16.3,0.278,dirk nowitzki,1,1717,Dirk Nowitzki,DAL,29.0,2006-07,78,36.2,24.6,8.9,3.4,0.7,0.8,2.1,0.502,0.416,0.904,8.0,0.605,0.283,0.201,113.7,102.1,11.6,0.315,0.221,0.28,6.4,1.7,3.6,Transition
2006-07,11,Chauncey Billups,DET,0,4,1290,0.003,30.0,70.0,36.2,17.0,3.4,7.2,1.2,0.2,0.427,0.345,0.883,11.4,0.216,chauncey billups,0,1497,Chauncey Billups,DET,30.0,2006-07,70,36.2,17.0,3.4,7.2,1.2,0.2,2.0,0.427,0.345,0.883,5.3,0.591,0.212,0.146,110.5,103.0,7.5,0.23,0.434,0.114,3.0,2.1,3.0,Transition
2006-07,12T,Dwyane Wade,MIA,0,3,1290,0.002,25.0,51.0,37.9,27.4,4.7,7.5,2.1,1.2,0.491,0.266,0.807,8.8,0.219,dwyane wade,0,2548,Dwyane Wade,MIA,25.0,2006-07,51,37.9,27.4,4.7,7.5,2.1,1.2,4.2,0.491,0.266,0.807,1.9,0.583,0.333,0.195,106.1,104.1,2.0,0.349,0.468,0.145,11.3,3.3,5.1,Transition
2006-07,14,Amar'e Stoudemire,PHO,0,2,1290,0.002,24.0,82.0,32.8,20.4,9.6,1.0,1.0,1.3,0.575,0.0,0.781,11.2,0.201,amar'e stoudemire,0,2405,Amar'e Stoudemire,PHX,24.0,2006-07,82,32.8,20.4,9.6,1.0,1.0,1.3,2.8,0.575,0.0,0.781,5.5,0.637,0.252,0.144,113.9,105.6,8.3,0.269,0.058,0.347,12.0,1.9,2.7,Transition
2006-07,15T,Carmelo Anthony,DEN,0,1,1290,0.001,22.0,65.0,38.2,28.9,6.0,3.8,1.2,0.4,0.476,0.268,0.808,7.3,0.14,carmelo anthony,0,2546,Carmelo Anthony,DEN,23.0,2006-07,65,38.2,28.9,6.0,3.8,1.2,0.4,3.6,0.476,0.268,0.808,1.4,0.552,0.328,0.134,108.7,107.0,1.7,0.338,0.195,0.181,13.7,5.4,5.2,Transition
2006-07,15T,Baron Davis,GSW,0,1,1290,0.001,27.0,63.0,35.3,20.1,4.4,8.1,2.1,0.5,0.439,0.304,0.745,6.4,0.139,baron davis,0,1884,Baron Davis,GSW,28.0,2006-07,63,35.3,20.1,4.4,8.1,2.1,0.5,3.1,0.439,0.304,0.745,3.9,0.53,0.263,0.141,109.2,103.9,5.3,0.251,0.457,0.144,8.7,4.4,4.3,Transition
2006-07,15T,Tony Parker,SAS,0,1,1290,0.001,24.0,77.0,32.5,18.6,3.2,5.5,1.1,0.1,0.52,0.395,0.783,9.6,0.185,tony parker,0,2225,Tony Parker,SAS,25.0,2006-07,77,32.5,18.6,3.2,5.5,1.1,0.1,2.5,0.52,0.395,0.783,6.7,0.572,0.272,0.155,109.0,98.3,10.6,0.277,0.381,0.119,9.7,4.5,3.5,Transition
2006-07,2,Steve Nash,PHO,44,1013,1290,0.785,32.0,76.0,35.3,18.6,3.5,11.6,0.8,0.1,0.532,0.455,0.899,12.6,0.225,steve nash,0,959,Steve Nash,PHX,33.0,2006-07,76,35.3,18.6,3.5,11.6,0.8,0.1,3.8,0.532,0.455,0.899,8.0,0.654,0.223,0.165,116.7,105.4,11.3,0.222,0.57,0.119,5.6,1.8,2.8,Transition
2006-07,3,Kobe Bryant,LAL,2,521,1290,0.404,28.0,77.0,40.8,31.6,5.7,5.4,1.4,0.5,0.463,0.344,0.868,13.0,0.199,kobe bryant,0,977,Kobe Bryant,LAL,28.0,2006-07,77,40.8,31.6,5.7,5.4,1.4,0.5,3.3,0.463,0.344,0.868,1.3,0.58,0.328,0.172,108.1,106.9,1.3,0.359,0.283,0.164,9.0,2.7,4.8,Transition
2006-07,4,Tim Duncan,SAS,0,286,1290,0.222,30.0,80.0,34.1,20.0,10.6,3.4,0.8,2.4,0.546,0.111,0.637,13.0,0.23,tim duncan,0,1495,Tim Duncan,SAS,31.0,2006-07,80,34.1,20.0,10.6,3.4,0.8,2.4,2.8,0.546,0.111,0.637,9.4,0.579,0.279,0.189,111.1,96.5,14.6,0.281,0.219,0.365,12.3,0.7,3.2,Transition
2006-07,5,LeBron James,CLE,0,183,1290,0.142,22.0,78.0,40.9,27.3,6.7,6.0,1.6,0.7,0.476,0.319,0.698,13.7,0.206,lebron james,0,2544,LeBron James,CLE,22.0,2006-07,78,40.9,27.3,6.7,6.0,1.6,0.7,3.2,0.476,0.319,0.698,4.8,0.552,0.303,0.181,105.6,99.9,5.7,0.33,0.343,0.183,12.1,4.8,4.6,Transition
2006-07,6,Tracy McGrady,HOU,0,110,1290,0.085,27.0,71.0,35.8,24.6,5.3,6.5,1.3,0.5,0.431,0.331,0.707,8.6,0.163,tracy mcgrady,0,1503,Tracy McGrady,HOU,28.0,2006-07,71,35.8,24.6,5.3,6.5,1.3,0.5,3.0,0.431,0.331,0.707,5.7,0.515,0.34,0.161,107.0,99.3,7.7,0.332,0.394,0.164,5.8,1.6,4.0,Transition
2006-07,7,Chris Bosh,TOR,0,43,1290,0.033,22.0,69.0,38.5,22.6,10.7,2.5,0.6,1.3,0.496,0.343,0.785,9.6,0.174,chris bosh,0,2547,Chris Bosh,TOR,23.0,2006-07,69,38.5,22.6,10.7,2.5,0.6,1.3,2.6,0.496,0.343,0.785,2.7,0.577,0.266,0.158,107.5,103.8,3.8,0.28,0.137,0.337,9.4,1.6,3.1,Transition
2006-07,8,Gilbert Arenas,WAS,0,31,1290,0.024,25.0,74.0,39.8,28.4,4.6,6.0,1.9,0.2,0.418,0.351,0.844,10.8,0.177,gilbert arenas,0,2240,Gilbert Arenas,WAS,25.0,2006-07,74,39.8,28.4,4.6,6.0,1.9,0.2,3.2,0.418,0.351,0.844,2.6,0.565,0.302,0.142,111.4,108.5,2.9,0.317,0.356,0.132,6.6,4.2,4.7,Transition
2006-07,9T,Carlos Boozer,UTA,0,7,1290,0.005,25.0,74.0,34.6,20.9,11.7,3.0,0.9,0.3,0.561,,0.685,9.9,0.185,carlos boozer,0,2430,Carlos Boozer,UTA,25.0,2006-07,74,34.6,20.9,11.7,3.0,0.9,0.3,2.6,0.561,0.0,0.685,2.2,0.588,0.262,0.181,109.2,106.3,2.9,0.282,0.159,0.383,13.6,1.7,2.8,Transition
2006-07,9T,Kevin Garnett,MIN,0,7,1290,0.005,30.0,76.0,39.4,22.4,12.8,4.1,1.2,1.7,0.476,0.214,0.835,10.7,0.171,kevin garnett,0,708,Kevin Garnett,MIN,31.0,2006-07,76,39.4,22.4,12.8,4.1,1.2,1.7,2.7,0.476,0.214,0.835,0.1,0.546,0.272,0.191,104.4,104.4,-0.1,0.284,0.218,0.396,8.0,1.0,2.9,Transition
2007-08,1,Kobe Bryant,LAL,82,1100,1260,0.873,29.0,82.0,38.9,28.3,6.3,5.4,1.8,0.5,0.459,0.361,0.84,13.8,0.208,kobe bryant,1,977,Kobe Bryant,LAL,29.0,2007-08,82,38.9,28.3,6.3,5.4,1.8,0.5,3.1,0.459,0.361,0.84,7.3,0.576,0.309,0.159,112.8,103.9,8.9,0.317,0.274,0.177,9.0,3.1,4.3,Transition
2007-08,10,Manu Ginóbili,SAS,0,9,1260,0.007,30.0,74.0,31.1,19.5,4.8,4.5,1.5,0.4,0.46,0.401,0.86,11.1,0.232,manu ginobili,0,1938,Manu Ginobili,SAS,30.0,2007-08,74,31.1,19.5,4.8,4.5,1.5,0.4,2.7,0.46,0.401,0.86,5.8,0.612,0.274,0.169,106.8,98.2,8.6,0.302,0.327,0.177,5.3,1.8,3.4,Transition
2007-08,11,Dirk Nowitzki,DAL,0,5,1260,0.004,29.0,77.0,36.0,23.6,8.6,3.5,0.7,0.9,0.479,0.359,0.879,12.9,0.223,dirk nowitzki,0,1717,Dirk Nowitzki,DAL,30.0,2007-08,77,36.0,23.6,8.6,3.5,0.7,0.9,2.1,0.479,0.359,0.879,6.3,0.585,0.283,0.176,112.5,103.7,8.7,0.304,0.214,0.265,6.2,2.4,2.8,Transition
2007-08,12,Deron Williams,UTA,0,4,1260,0.003,23.0,82.0,37.3,18.8,3.0,10.5,1.1,0.3,0.507,0.395,0.803,11.3,0.177,deron williams,0,101114,Deron Williams,UTA,24.0,2007-08,82,37.3,18.8,3.0,10.5,1.1,0.3,3.4,0.507,0.395,0.803,5.2,0.595,0.229,0.146,113.2,106.0,7.2,0.225,0.5,0.094,7.5,2.5,2.8,Transition
2007-08,13,Carmelo Anthony,DEN,0,3,1260,0.002,23.0,77.0,36.4,25.7,7.4,3.4,1.3,0.5,0.492,0.354,0.786,8.2,0.14,carmelo anthony,0,2546,Carmelo Anthony,DEN,24.0,2007-08,77,36.4,25.7,7.4,3.4,1.3,0.5,3.3,0.492,0.354,0.786,2.1,0.568,0.296,0.133,109.3,106.6,2.7,0.307,0.177,0.225,10.6,3.6,4.2,Transition
2007-08,14T,Carlos Boozer,UTA,0,1,1260,0.001,26.0,81.0,34.9,21.1,10.4,2.9,1.2,0.5,0.547,0.0,0.738,10.2,0.173,carlos boozer,0,2430,Carlos Boozer,UTA,26.0,2007-08,81,34.9,21.1,10.4,2.9,1.2,0.5,2.6,0.547,0.0,0.738,5.2,0.581,0.263,0.155,113.5,106.1,7.4,0.267,0.143,0.359,12.5,1.4,3.1,Transition
2007-08,14T,Antawn Jamison,WAS,0,1,1260,0.001,31.0,79.0,38.7,21.4,10.2,1.5,1.3,0.4,0.436,0.339,0.76,9.2,0.144,antawn jamison,0,1712,Antawn Jamison,WAS,32.0,2007-08,79,38.7,21.4,10.2,1.5,1.3,0.4,1.4,0.436,0.339,0.76,2.5,0.525,0.253,0.133,109.8,106.8,2.9,0.263,0.096,0.301,8.8,1.5,3.0,Transition
2007-08,14T,Paul Pierce,BOS,0,1,1260,0.001,30.0,80.0,35.9,19.6,5.1,4.5,1.3,0.5,0.464,0.392,0.843,12.4,0.207,paul pierce,0,1718,Paul Pierce,BOS,30.0,2007-08,80,35.9,19.6,5.1,4.5,1.3,0.5,2.8,0.464,0.392,0.843,9.8,0.599,0.245,0.147,111.4,97.3,14.1,0.255,0.267,0.163,6.1,2.3,3.7,Transition
2007-08,14T,Rasheed Wallace,DET,0,1,1260,0.001,33.0,77.0,30.5,12.7,6.6,1.8,1.2,1.7,0.432,0.356,0.767,7.6,0.155,rasheed wallace,0,739,Rasheed Wallace,DET,33.0,2007-08,77,30.5,12.7,6.6,1.8,1.2,1.7,1.1,0.432,0.356,0.767,5.8,0.523,0.208,0.117,110.8,100.0,10.8,0.204,0.121,0.261,3.0,0.4,1.6,Transition
2007-08,2,Chris Paul,NOH,28,894,1260,0.71,22.0,80.0,37.6,21.1,4.0,11.6,2.7,0.1,0.488,0.369,0.851,17.8,0.284,chris paul,0,101108,Chris Paul,NOH,23.0,2007-08,80,37.6,21.1,4.0,11.6,2.7,0.1,2.5,0.488,0.369,0.851,6.0,0.576,0.251,0.182,113.3,105.3,8.0,0.257,0.654,0.123,8.7,3.3,3.8,Transition
2007-08,3,Kevin Garnett,BOS,15,670,1260,0.532,31.0,71.0,32.8,18.8,9.2,3.4,1.4,1.3,0.539,0.0,0.801,12.9,0.265,kevin garnett,0,708,Kevin Garnett,BOS,32.0,2007-08,71,32.8,18.8,9.2,3.4,1.4,1.3,1.9,0.539,0.0,0.801,10.4,0.588,0.256,0.197,112.0,96.0,16.0,0.267,0.21,0.316,7.6,1.5,3.7,Transition
2007-08,4,LeBron James,CLE,1,438,1260,0.348,23.0,75.0,40.4,30.0,7.9,7.2,1.8,1.1,0.484,0.315,0.712,15.2,0.242,lebron james,0,2544,LeBron James,CLE,23.0,2007-08,75,40.4,30.0,7.9,7.2,1.8,1.1,3.4,0.484,0.315,0.712,1.8,0.568,0.328,0.199,107.2,105.5,1.7,0.36,0.417,0.211,13.2,5.2,4.9,Transition
2007-08,5,Dwight Howard,ORL,0,60,1260,0.048,22.0,82.0,37.7,20.7,14.2,1.3,0.9,2.1,0.599,0.0,0.59,12.9,0.2,dwight howard,0,2730,Dwight Howard,ORL,22.0,2007-08,82,37.7,20.7,14.2,1.3,0.9,2.1,3.2,0.599,0.0,0.59,5.9,0.619,0.239,0.155,112.5,105.0,7.5,0.245,0.079,0.428,13.7,1.5,2.2,Transition
2007-08,6,Amar'e Stoudemire,PHO,0,27,1260,0.021,25.0,79.0,33.9,25.2,9.1,1.5,0.8,2.1,0.59,0.161,0.805,14.6,0.262,amar'e stoudemire,0,2405,Amar'e Stoudemire,PHX,25.0,2007-08,79,33.9,25.2,9.1,1.5,0.8,2.1,2.2,0.59,0.161,0.805,5.3,0.656,0.278,0.168,116.0,107.9,8.1,0.315,0.078,0.314,13.9,2.3,3.3,Transition
2007-08,7,Tim Duncan,SAS,0,25,1260,0.02,31.0,78.0,34.0,19.3,11.3,2.8,0.7,1.9,0.497,0.0,0.73,11.1,0.201,tim duncan,0,1495,Tim Duncan,SAS,32.0,2007-08,78,34.0,19.3,11.3,2.8,0.7,1.9,2.3,0.497,0.0,0.73,5.4,0.546,0.28,0.177,108.2,99.9,8.3,0.282,0.189,0.383,11.7,0.7,2.4,Transition
2007-08,8,Tracy McGrady,HOU,0,19,1260,0.015,28.0,66.0,37.0,21.6,5.1,5.9,1.0,0.5,0.419,0.292,0.684,5.8,0.115,tracy mcgrady,0,1503,Tracy McGrady,HOU,29.0,2007-08,66,37.0,21.6,5.1,5.9,1.0,0.5,2.4,0.419,0.292,0.684,4.0,0.487,0.3,0.138,105.9,100.4,5.5,0.288,0.351,0.149,5.8,1.6,3.1,Transition
2007-08,9,Steve Nash,PHO,0,18,1260,0.014,33.0,81.0,34.3,16.9,3.5,11.1,0.7,0.1,0.504,0.47,0.906,10.5,0.181,steve nash,0,959,Steve Nash,PHX,34.0,2007-08,81,34.3,16.9,3.5,11.1,0.7,0.1,3.6,0.504,0.47,0.906,6.8,0.641,0.213,0.15,116.3,106.9,9.4,0.206,0.548,0.118,3.3,2.1,2.0,Transition
2008-09,1,LeBron James,CLE,109,1172,1210,0.969,24.0,81.0,37.7,28.4,7.6,7.2,1.7,1.1,0.489,0.344,0.78,20.3,0.318,lebron james,1,2544,LeBron James,CLE,24.0,2008-09,81,37.7,28.4,7.6,7.2,1.7,1.1,3.0,0.489,0.344,0.78,10.8,0.591,0.33,0.226,114.0,99.4,14.6,0.35,0.443,0.227,11.5,5.2,5.8,Transition
2008-09,10,Dirk Nowitzki,DAL,0,3,1210,0.002,30.0,81.0,37.7,25.9,8.4,2.4,0.8,0.8,0.479,0.359,0.89,10.9,0.171,dirk nowitzki,0,1717,Dirk Nowitzki,DAL,31.0,2008-09,81,37.7,25.9,8.4,2.4,0.8,0.8,1.9,0.479,0.359,0.89,3.0,0.564,0.295,0.16,110.0,106.5,3.5,0.319,0.14,0.255,6.4,2.2,3.4,Transition
2008-09,11,Tim Duncan,SAS,0,2,1210,0.002,32.0,75.0,33.7,19.3,10.7,3.5,0.5,1.7,0.504,0.0,0.692,10.1,0.191,tim duncan,0,1495,Tim Duncan,SAS,33.0,2008-09,75,33.7,19.3,10.7,3.5,0.5,1.7,2.2,0.504,0.0,0.692,3.4,0.549,0.285,0.167,108.8,103.6,5.2,0.283,0.23,0.379,10.2,0.3,2.3,Transition
2008-09,12,Yao Ming,HOU,0,1,1210,0.001,28.0,77.0,33.6,19.7,9.9,1.8,0.4,1.9,0.548,1.0,0.866,10.6,0.196,yao ming,0,2397,Yao Ming,HOU,28.0,2008-09,77,33.6,19.7,9.9,1.8,0.4,1.9,3.0,0.548,1.0,0.866,5.8,0.618,0.258,0.161,109.0,100.1,8.9,0.282,0.122,0.323,11.1,0.3,1.8,Transition
2008-09,2,Kobe Bryant,LAL,2,698,1210,0.577,30.0,82.0,36.1,26.8,5.2,4.9,1.5,0.5,0.467,0.351,0.856,12.7,0.206,kobe bryant,0,977,Kobe Bryant,LAL,30.0,2008-09,82,36.1,26.8,5.2,4.9,1.5,0.5,2.6,0.467,0.351,0.856,8.0,0.561,0.317,0.159,114.3,103.4,10.9,0.326,0.286,0.156,8.9,2.9,4.0,Transition
2008-09,3,Dwyane Wade,MIA,7,680,1210,0.562,27.0,79.0,38.6,30.2,5.0,7.5,2.2,1.3,0.491,0.317,0.765,14.7,0.232,dwyane wade,0,2548,Dwyane Wade,MIA,27.0,2008-09,79,38.6,30.2,5.0,7.5,2.2,1.3,3.4,0.491,0.317,0.765,2.7,0.574,0.352,0.195,109.1,105.4,3.6,0.371,0.448,0.16,11.9,4.2,5.4,Transition
2008-09,4,Dwight Howard,ORL,1,328,1210,0.271,23.0,79.0,35.7,20.6,13.8,1.4,1.0,2.9,0.572,0.0,0.594,13.8,0.234,dwight howard,0,2730,Dwight Howard,ORL,23.0,2008-09,79,35.7,20.6,13.8,1.4,1.0,2.9,3.0,0.572,0.0,0.594,7.0,0.6,0.258,0.173,110.3,100.3,10.1,0.269,0.095,0.431,13.7,1.4,2.7,Transition
2008-09,5,Chris Paul,NOH,2,192,1210,0.159,23.0,78.0,38.5,22.8,5.5,11.0,2.8,0.1,0.503,0.364,0.868,18.3,0.292,chris paul,0,101108,Chris Paul,NOH,24.0,2008-09,78,38.5,22.8,5.5,11.0,2.8,0.1,3.0,0.503,0.364,0.868,4.5,0.599,0.271,0.212,111.1,104.6,6.5,0.286,0.675,0.17,9.8,3.9,3.8,Transition
2008-09,6,Chauncey Billups,TOT,0,33,1210,0.027,32.0,79.0,35.3,17.7,3.0,6.4,1.2,0.2,0.418,0.408,0.913,10.1,0.174,chauncey billups,0,1497,Chauncey Billups,DEN,32.0,2008-09,79,35.3,17.7,3.0,6.4,1.2,0.2,2.2,0.418,0.408,0.913,3.6,0.592,0.216,0.132,111.6,106.3,5.3,0.228,0.401,0.102,3.1,2.8,2.5,Transition
2008-09,7,Paul Pierce,BOS,0,21,1210,0.017,31.0,81.0,37.5,20.5,5.6,3.6,1.0,0.3,0.457,0.391,0.83,10.3,0.164,paul pierce,0,1718,Paul Pierce,BOS,31.0,2008-09,81,37.5,20.5,5.6,3.6,1.0,0.3,2.8,0.457,0.391,0.83,6.6,0.582,0.251,0.132,109.8,101.1,8.8,0.26,0.208,0.172,5.9,1.7,2.9,Transition
2008-09,8,Tony Parker,SAS,0,9,1210,0.007,26.0,72.0,34.1,22.0,3.1,6.9,0.9,0.1,0.506,0.292,0.782,8.6,0.168,tony parker,0,2225,Tony Parker,SAS,27.0,2008-09,72,34.1,22.0,3.1,6.9,0.9,0.1,2.6,0.506,0.292,0.782,4.5,0.556,0.313,0.154,110.7,104.1,6.6,0.309,0.455,0.107,11.5,4.4,3.0,Transition
2008-09,9,Brandon Roy,POR,0,7,1210,0.006,24.0,78.0,37.2,22.6,4.7,5.1,1.1,0.3,0.48,0.377,0.824,13.5,0.223,brandon roy,0,200750,Brandon Roy,POR,24.0,2008-09,78,37.2,22.6,4.7,5.1,1.1,0.3,1.9,0.48,0.377,0.824,6.5,0.573,0.272,0.159,114.5,105.5,9.0,0.288,0.329,0.146,9.2,2.0,3.3,Transition
2009-10,1,LeBron James,CLE,116,1205,1230,0.98,25.0,76.0,39.0,29.7,7.3,8.6,1.6,1.0,0.503,0.333,0.767,18.5,0.299,lebron james,1,2544,LeBron James,CLE,25.0,2009-10,76,39.0,29.7,7.3,8.6,1.6,1.0,3.4,0.503,0.333,0.767,8.6,0.604,0.328,0.218,114.0,103.0,11.0,0.346,0.451,0.214,11.9,6.1,5.5,Transition
2009-10,10,Amar'e Stoudemire,PHO,0,5,1230,0.004,27.0,82.0,34.6,23.1,8.9,1.0,0.6,1.0,0.557,0.167,0.771,10.7,0.181,amar'e stoudemire,0,2405,Amar'e Stoudemire,PHX,27.0,2009-10,82,34.6,23.1,8.9,1.0,0.6,1.0,2.6,0.557,0.167,0.771,3.9,0.615,0.27,0.137,114.8,109.4,5.4,0.289,0.059,0.286,13.5,1.7,2.9,Transition
2009-10,11,Manu Ginóbili,SAS,0,3,1230,0.002,32.0,75.0,28.7,16.5,3.8,4.9,1.4,0.3,0.441,0.377,0.87,9.7,0.216,manu ginobili,0,1938,Manu Ginobili,SAS,32.0,2009-10,75,28.7,16.5,3.8,4.9,1.4,0.3,2.1,0.441,0.377,0.87,5.2,0.584,0.247,0.15,110.8,102.6,8.2,0.261,0.349,0.151,5.5,1.7,1.9,Transition
2009-10,12T,Chauncey Billups,DEN,0,1,1230,0.001,33.0,73.0,34.1,19.5,3.1,5.6,1.1,0.1,0.418,0.386,0.91,9.5,0.182,chauncey billups,0,1497,Chauncey Billups,DEN,33.0,2009-10,73,34.1,19.5,3.1,5.6,1.1,0.1,2.4,0.418,0.386,0.91,2.9,0.601,0.239,0.138,111.6,107.1,4.5,0.258,0.381,0.106,3.8,3.0,2.8,Transition
2009-10,12T,Chris Bosh,TOR,0,1,1230,0.001,25.0,70.0,36.1,24.0,10.8,2.4,0.6,1.0,0.518,0.364,0.797,9.6,0.182,chris bosh,0,2547,Chris Bosh,TOR,26.0,2009-10,70,36.1,24.0,10.8,2.4,0.6,1.0,2.4,0.518,0.364,0.797,0.1,0.592,0.285,0.167,110.9,110.6,0.3,0.305,0.145,0.352,10.9,1.8,2.9,Transition
2009-10,12T,Stephen Jackson,TOT,0,1,1230,0.001,31.0,81.0,38.6,20.6,5.0,3.7,1.6,0.5,0.423,0.328,0.779,5.0,0.077,stephen jackson,0,1536,Stephen Jackson,CHA,32.0,2009-10,81,38.6,20.6,5.0,3.7,1.6,0.5,3.2,0.423,0.328,0.779,1.6,0.518,0.27,0.108,105.6,103.0,2.6,0.26,0.223,0.155,7.5,2.8,3.3,Transition
2009-10,12T,Joe Johnson,ATL,0,1,1230,0.001,28.0,76.0,38.0,21.3,4.6,4.9,1.1,0.1,0.458,0.369,0.818,8.4,0.14,joe johnson,0,2207,Joe Johnson,ATL,29.0,2009-10,76,38.0,21.3,4.6,4.9,1.1,0.1,1.9,0.458,0.369,0.818,4.6,0.538,0.264,0.126,112.9,106.6,6.2,0.264,0.271,0.144,8.5,2.1,3.2,Transition
2009-10,2,Kevin Durant,OKC,4,609,1230,0.495,21.0,82.0,39.5,30.1,7.6,2.8,1.4,1.0,0.476,0.365,0.9,16.1,0.238,kevin durant,0,201142,Kevin Durant,OKC,21.0,2009-10,82,39.5,30.1,7.6,2.8,1.4,1.0,3.3,0.476,0.365,0.9,5.3,0.607,0.311,0.183,109.0,102.7,6.2,0.351,0.166,0.213,9.7,5.4,5.8,Transition
2009-10,3,Kobe Bryant,LAL,0,599,1230,0.487,31.0,73.0,38.8,27.0,5.4,5.0,1.5,0.3,0.456,0.329,0.811,9.4,0.16,kobe bryant,0,977,Kobe Bryant,LAL,31.0,2009-10,73,38.8,27.0,5.4,5.0,1.5,0.3,3.2,0.456,0.329,0.811,6.4,0.545,0.319,0.147,109.8,101.8,8.1,0.322,0.289,0.151,8.9,2.8,4.1,Transition
2009-10,4,Dwight Howard,ORL,3,478,1230,0.389,24.0,82.0,34.7,18.3,13.2,1.8,0.9,2.8,0.612,0.0,0.592,13.2,0.223,dwight howard,0,2730,Dwight Howard,ORL,24.0,2009-10,82,34.7,18.3,13.2,1.8,0.9,2.8,3.3,0.612,0.0,0.592,7.6,0.63,0.241,0.167,112.2,100.9,11.3,0.245,0.122,0.428,11.9,1.0,2.5,Transition
2009-10,5,Dwyane Wade,MIA,0,119,1230,0.097,28.0,77.0,36.3,26.6,4.8,6.5,1.8,1.1,0.476,0.3,0.761,13.0,0.224,dwyane wade,0,2548,Dwyane Wade,MIA,28.0,2009-10,77,36.3,26.6,4.8,6.5,1.8,1.1,3.3,0.476,0.3,0.761,4.6,0.562,0.337,0.178,110.1,103.8,6.3,0.345,0.438,0.154,11.8,4.5,4.8,Transition
2009-10,6,Carmelo Anthony,DEN,0,65,1230,0.053,25.0,69.0,38.2,28.2,6.6,3.2,1.3,0.4,0.458,0.316,0.83,7.9,0.145,carmelo anthony,0,2546,Carmelo Anthony,DEN,26.0,2009-10,69,38.2,28.2,6.6,3.2,1.3,0.4,3.0,0.458,0.316,0.83,4.1,0.548,0.327,0.14,111.7,106.2,5.5,0.33,0.198,0.197,10.9,3.2,4.7,Transition
2009-10,7,Dirk Nowitzki,DAL,0,55,1230,0.045,31.0,81.0,37.5,25.0,7.7,2.7,0.9,1.0,0.481,0.421,0.915,12.3,0.194,dirk nowitzki,0,1717,Dirk Nowitzki,DAL,32.0,2009-10,81,37.5,25.0,7.7,2.7,0.9,1.0,1.8,0.481,0.421,0.915,4.2,0.578,0.284,0.161,108.7,103.3,5.4,0.313,0.148,0.236,5.8,2.2,3.4,Transition
2009-10,8,Steve Nash,PHO,0,49,1230,0.04,35.0,81.0,32.8,16.5,3.3,11.0,0.5,0.1,0.507,0.426,0.938,9.9,0.178,steve nash,0,959,Steve Nash,PHX,36.0,2009-10,81,32.8,16.5,3.3,11.0,0.5,0.1,3.6,0.507,0.426,0.938,4.7,0.615,0.223,0.155,116.1,109.4,6.7,0.212,0.657,0.112,4.7,2.0,1.4,Transition
2009-10,9,Deron Williams,UTA,0,7,1230,0.006,25.0,76.0,36.9,18.7,4.0,10.5,1.3,0.2,0.469,0.371,0.801,10.3,0.177,deron williams,0,101114,Deron Williams,UTA,26.0,2009-10,76,36.9,18.7,4.0,10.5,1.3,0.2,3.3,0.469,0.371,0.801,5.7,0.574,0.237,0.146,112.5,104.3,8.2,0.227,0.492,0.125,6.6,3.4,2.9,Transition
2010-11,1,Derrick Rose,CHI,113,1182,1210,0.977,22.0,81.0,37.4,25.0,4.1,7.7,1.0,0.6,0.445,0.332,0.858,13.1,0.208,derrick rose,1,201565,Derrick Rose,CHI,22.0,2010-11,81,37.4,25.0,4.1,7.7,1.0,0.6,3.4,0.445,0.332,0.858,6.2,0.55,0.314,0.165,109.1,100.7,8.5,0.32,0.444,0.119,10.0,4.3,4.0,Transition
2010-11,10T,Blake Griffin,LAC,0,5,1210,0.004,21.0,82.0,38.0,22.5,12.1,3.8,0.8,0.5,0.506,0.292,0.642,9.8,0.152,blake griffin,0,201933,Blake Griffin,LAC,22.0,2010-11,82,37.9,22.5,12.1,3.8,0.8,0.5,2.7,0.506,0.292,0.642,-1.8,0.549,0.27,0.16,105.9,108.0,-2.2,0.287,0.21,0.366,13.8,3.4,3.9,Transition
2010-11,10T,Rajon Rondo,BOS,0,5,1210,0.004,24.0,68.0,37.2,10.6,4.4,11.2,2.3,0.2,0.475,0.233,0.568,6.6,0.126,rajon rondo,0,200765,Rajon Rondo,BOS,25.0,2010-11,68,37.2,10.6,4.4,11.2,2.3,0.2,3.4,0.475,0.233,0.568,6.5,0.495,0.179,0.131,108.6,99.8,8.9,0.137,0.562,0.145,6.2,2.1,1.9,Transition
2010-11,12,Tony Parker,SAS,0,3,1210,0.002,28.0,78.0,32.4,17.5,3.1,6.6,1.2,0.0,0.519,0.357,0.769,8.2,0.156,tony parker,0,2225,Tony Parker,SAS,29.0,2010-11,78,32.4,17.5,3.1,6.6,1.2,0.0,2.6,0.519,0.357,0.769,3.9,0.569,0.251,0.139,109.0,102.5,6.4,0.252,0.429,0.106,10.6,4.8,3.1,Transition
2010-11,13,Chris Paul,NOH,0,2,1210,0.002,25.0,80.0,36.0,15.9,4.1,9.8,2.4,0.1,0.463,0.388,0.878,13.9,0.232,chris paul,0,101108,Chris Paul,NOH,26.0,2010-11,80,36.0,15.9,4.1,9.8,2.4,0.1,2.2,0.463,0.388,0.878,3.2,0.578,0.206,0.169,107.8,103.4,4.4,0.216,0.592,0.138,4.7,2.2,3.0,Transition
2010-11,2,Dwight Howard,ORL,3,643,1210,0.531,25.0,78.0,37.6,22.9,14.1,1.4,1.4,2.4,0.593,0.0,0.596,14.4,0.235,dwight howard,0,2730,Dwight Howard,ORL,25.0,2010-11,78,37.6,22.9,14.1,1.4,1.4,2.4,3.6,0.593,0.0,0.596,6.4,0.616,0.272,0.184,109.0,100.6,8.4,0.291,0.086,0.416,14.5,1.4,3.1,Transition
2010-11,3,LeBron James,MIA,4,522,1210,0.431,26.0,79.0,38.8,26.7,7.5,7.0,1.6,0.6,0.51,0.33,0.759,15.6,0.244,lebron james,0,2544,LeBron James,MIA,26.0,2010-11,79,38.8,26.7,7.5,7.0,1.6,0.6,3.6,0.51,0.33,0.759,7.8,0.594,0.307,0.201,111.5,101.4,10.1,0.32,0.435,0.217,11.4,5.8,5.0,Transition
2010-11,4,Kobe Bryant,LAL,1,428,1210,0.354,32.0,82.0,33.9,25.3,5.1,4.7,1.2,0.1,0.451,0.323,0.828,10.3,0.178,kobe bryant,0,977,Kobe Bryant,LAL,32.0,2010-11,82,33.9,25.3,5.1,4.7,1.2,0.1,3.0,0.451,0.323,0.828,5.2,0.548,0.343,0.156,111.5,104.2,7.3,0.347,0.311,0.167,8.7,2.6,3.7,Transition
2010-11,5,Kevin Durant,OKC,0,190,1210,0.157,22.0,78.0,38.9,27.7,6.8,2.7,1.1,1.0,0.462,0.35,0.88,12.0,0.189,kevin durant,0,201142,Kevin Durant,OKC,22.0,2010-11,78,38.9,27.7,6.8,2.7,1.1,1.0,2.8,0.462,0.35,0.88,3.4,0.589,0.296,0.159,110.8,106.8,4.1,0.324,0.166,0.197,7.4,4.2,4.2,Transition
2010-11,6,Dirk Nowitzki,DAL,0,113,1210,0.093,32.0,73.0,34.3,23.0,7.0,2.6,0.5,0.6,0.517,0.393,0.892,11.1,0.213,dirk nowitzki,0,1717,Dirk Nowitzki,DAL,33.0,2010-11,73,34.3,23.0,7.0,2.6,0.5,0.6,1.9,0.517,0.393,0.892,7.3,0.612,0.274,0.169,110.7,100.4,10.3,0.309,0.148,0.235,5.2,1.9,3.0,Transition
2010-11,7,Dwyane Wade,MIA,0,24,1210,0.02,29.0,76.0,37.1,25.5,6.4,4.6,1.5,1.1,0.5,0.306,0.758,12.8,0.218,dwyane wade,0,2548,Dwyane Wade,MIA,29.0,2010-11,76,37.1,25.5,6.4,4.6,1.5,1.1,3.1,0.5,0.306,0.758,7.6,0.581,0.308,0.164,112.8,102.4,10.4,0.315,0.287,0.193,12.6,5.5,4.4,Transition
2010-11,8,Manu Ginóbili,SAS,0,20,1210,0.017,33.0,80.0,30.3,17.4,3.7,4.9,1.5,0.4,0.433,0.349,0.871,9.9,0.195,manu ginobili,0,1938,Manu Ginobili,SAS,33.0,2010-11,80,30.3,17.4,3.7,4.9,1.5,0.4,2.2,0.433,0.349,0.871,6.8,0.581,0.248,0.138,111.8,100.7,11.0,0.255,0.323,0.138,5.3,2.8,2.6,Transition
2010-11,9,Amar'e Stoudemire,NYK,0,9,1210,0.007,28.0,78.0,36.8,25.3,8.2,2.6,0.9,1.9,0.502,0.435,0.792,8.0,0.134,amar'e stoudemire,0,2405,Amar'e Stoudemire,NYK,28.0,2010-11,78,36.8,25.3,8.2,2.6,0.9,1.9,3.2,0.502,0.435,0.792,0.8,0.565,0.307,0.137,111.2,109.9,1.3,0.307,0.155,0.268,12.9,1.6,3.7,Transition
2011-12,1,LeBron James,MIA,85,1074,1210,0.888,27.0,62.0,37.5,27.1,7.9,6.2,1.9,0.8,0.531,0.362,0.771,14.5,0.298,lebron james,1,2544,LeBron James,MIA,27.0,2011-12,62,37.5,27.1,7.9,6.2,1.9,0.8,3.4,0.531,0.362,0.771,7.6,0.605,0.311,0.22,108.6,98.4,10.2,0.342,0.386,0.248,12.2,5.9,6.0,Transition
2011-12,10,Dwyane Wade,MIA,0,6,1210,0.005,30.0,49.0,33.2,22.1,4.8,4.6,1.7,1.3,0.497,0.268,0.791,7.7,0.227,dwyane wade,0,2548,Dwyane Wade,MIA,30.0,2011-12,49,33.2,22.1,4.8,4.6,1.7,1.3,2.6,0.497,0.268,0.791,7.0,0.559,0.305,0.166,108.2,97.8,10.4,0.314,0.313,0.167,11.7,4.2,4.7,Transition
2011-12,12T,Dirk Nowitzki,DAL,0,4,1210,0.003,33.0,62.0,33.5,21.6,6.7,2.2,0.7,0.5,0.457,0.368,0.896,7.6,0.175,dirk nowitzki,0,1717,Dirk Nowitzki,DAL,34.0,2011-12,62,33.5,21.6,6.7,2.2,0.7,0.5,1.9,0.457,0.368,0.896,4.2,0.564,0.284,0.152,104.0,98.1,5.9,0.318,0.146,0.229,3.8,1.7,3.8,Transition
2011-12,12T,Russell Westbrook,OKC,0,4,1210,0.003,23.0,66.0,35.3,23.6,4.6,5.5,1.7,0.3,0.457,0.316,0.823,7.9,0.163,russell westbrook,0,201566,Russell Westbrook,OKC,23.0,2011-12,66,35.3,23.6,4.6,5.5,1.7,0.3,3.6,0.457,0.316,0.823,5.6,0.538,0.318,0.145,109.2,101.5,7.6,0.307,0.411,0.138,10.1,5.1,4.0,Transition
2011-12,14,Tim Duncan,SAS,0,3,1210,0.002,35.0,58.0,28.2,15.4,9.0,2.3,0.7,1.5,0.492,0.0,0.695,5.9,0.174,tim duncan,0,1495,Tim Duncan,SAS,36.0,2011-12,58,28.2,15.4,9.0,2.3,0.7,1.5,1.7,0.492,0.0,0.695,5.3,0.531,0.26,0.163,107.1,97.9,9.2,0.262,0.167,0.347,7.1,0.6,1.7,Transition
2011-12,15,Joe Johnson,ATL,0,1,1210,0.001,30.0,60.0,35.5,18.8,3.7,3.9,0.8,0.2,0.454,0.388,0.849,6.4,0.145,joe johnson,0,2207,Joe Johnson,ATL,31.0,2011-12,60,35.4,18.8,3.7,3.9,0.8,0.2,1.9,0.454,0.388,0.849,4.0,0.557,0.247,0.122,106.4,100.8,5.5,0.263,0.232,0.124,5.7,1.9,2.8,Transition
2011-12,2,Kevin Durant,OKC,24,889,1210,0.735,23.0,66.0,38.6,28.0,8.0,3.5,1.3,1.2,0.496,0.387,0.86,12.2,0.23,kevin durant,0,201142,Kevin Durant,OKC,23.0,2011-12,66,38.6,28.0,8.0,3.5,1.3,1.2,3.8,0.496,0.387,0.86,5.6,0.61,0.303,0.186,109.1,101.9,7.2,0.336,0.241,0.222,9.3,4.4,4.0,Transition
2011-12,3,Chris Paul,LAC,6,385,1210,0.318,26.0,60.0,36.4,19.8,3.6,9.1,2.5,0.1,0.478,0.371,0.861,12.7,0.278,chris paul,0,101108,Chris Paul,LAC,27.0,2011-12,60,36.3,19.8,3.6,9.1,2.5,0.1,2.1,0.478,0.371,0.861,5.5,0.581,0.237,0.186,111.4,104.1,7.4,0.259,0.552,0.114,7.0,1.6,3.2,Transition
2011-12,4,Kobe Bryant,LAL,2,352,1210,0.291,33.0,58.0,38.5,27.9,5.4,4.6,1.2,0.3,0.43,0.303,0.845,6.2,0.132,kobe bryant,0,977,Kobe Bryant,LAL,33.0,2011-12,58,38.5,27.9,5.4,4.6,1.2,0.3,3.5,0.43,0.303,0.845,2.4,0.527,0.346,0.143,104.8,102.1,2.7,0.356,0.256,0.147,8.3,2.5,3.9,Transition
2011-12,5,Tony Parker,SAS,4,331,1210,0.274,29.0,60.0,32.1,18.3,2.9,7.7,1.0,0.1,0.48,0.23,0.799,7.1,0.177,tony parker,0,2225,Tony Parker,SAS,30.0,2011-12,60,32.1,18.3,2.9,7.7,1.0,0.1,2.6,0.48,0.23,0.799,7.0,0.539,0.275,0.153,109.1,98.4,10.7,0.267,0.498,0.1,8.9,4.1,2.8,Transition
2011-12,6,Kevin Love,MIN,0,58,1210,0.048,23.0,55.0,39.0,26.0,13.3,2.0,0.9,0.5,0.448,0.372,0.824,10.0,0.223,kevin love,0,201567,Kevin Love,MIN,23.0,2011-12,55,39.0,26.0,13.3,2.0,0.9,0.5,2.3,0.448,0.372,0.824,0.5,0.568,0.282,0.176,105.4,104.8,0.6,0.32,0.128,0.368,10.1,2.2,3.6,Transition
2011-12,7,Dwight Howard,ORL,0,13,1210,0.011,26.0,54.0,38.3,20.6,14.5,1.9,1.5,2.1,0.573,0.0,0.491,7.7,0.179,dwight howard,0,2730,Dwight Howard,ORL,26.0,2011-12,54,38.3,20.6,14.5,1.9,1.5,2.1,3.2,0.573,0.0,0.491,3.3,0.569,0.259,0.172,104.6,100.5,4.1,0.273,0.121,0.421,15.0,0.9,3.0,Transition
2011-12,8,Rajon Rondo,BOS,0,12,1210,0.01,25.0,53.0,36.9,11.9,4.8,11.7,1.8,0.1,0.448,0.238,0.597,4.9,0.121,rajon rondo,0,200765,Rajon Rondo,BOS,26.0,2011-12,53,36.9,11.9,4.8,11.7,1.8,0.1,3.6,0.448,0.238,0.597,3.7,0.483,0.201,0.138,102.7,97.9,4.8,0.162,0.602,0.16,6.9,3.4,2.8,Transition
2011-12,9,Steve Nash,PHO,0,7,1210,0.006,37.0,62.0,31.6,12.5,3.0,10.7,0.6,0.1,0.532,0.39,0.894,5.9,0.144,steve nash,0,959,Steve Nash,PHX,38.0,2011-12,62,31.6,12.5,3.0,10.7,0.6,0.1,3.7,0.532,0.39,0.894,2.9,0.625,0.19,0.148,108.1,103.8,4.3,0.183,0.63,0.108,4.1,1.0,1.1,Transition
2012-13,1,LeBron James,MIA,120,1207,1210,0.998,28.0,76.0,37.9,26.8,8.0,7.3,1.7,0.9,0.565,0.406,0.753,19.3,0.322,lebron james,1,2544,LeBron James,MIA,28.0,2012-13,76,37.9,26.8,8.0,7.3,1.7,0.9,3.0,0.565,0.406,0.753,9.5,0.64,0.294,0.221,114.2,101.9,12.3,0.321,0.389,0.265,12.8,5.4,6.1,Transition
2012-13,10,Dwyane Wade,MIA,0,5,1210,0.004,31.0,69.0,34.7,21.2,5.0,5.1,1.9,0.8,0.521,0.258,0.725,9.6,0.192,dwyane wade,0,2548,Dwyane Wade,MIA,31.0,2012-13,69,34.6,21.2,5.0,5.1,1.9,0.8,2.8,0.521,0.258,0.725,8.3,0.571,0.288,0.153,113.1,100.9,12.3,0.28,0.294,0.182,11.8,3.5,4.1,Transition
2012-13,11,Stephen Curry,GSW,0,3,1210,0.002,24.0,78.0,38.2,22.9,4.0,6.9,1.6,0.2,0.451,0.453,0.9,11.2,0.18,stephen curry,0,201939,Stephen Curry,GSW,25.0,2012-13,78,38.2,22.9,4.0,6.9,1.6,0.2,3.1,0.451,0.453,0.9,1.7,0.589,0.257,0.138,107.0,104.7,2.3,0.278,0.369,0.114,3.9,4.7,3.3,Transition
2012-13,12T,Kevin Garnett,BOS,0,1,1210,0.001,36.0,68.0,29.7,14.8,7.8,2.3,1.1,0.9,0.496,0.125,0.786,5.6,0.133,kevin garnett,0,708,Kevin Garnett,BOS,37.0,2012-13,68,29.7,14.8,7.8,2.3,1.1,0.9,1.6,0.496,0.125,0.786,1.6,0.535,0.246,0.16,99.2,96.4,2.8,0.26,0.161,0.328,5.7,0.5,1.8,Transition
2012-13,12T,Marc Gasol,MEM,0,1,1210,0.001,28.0,80.0,35.0,14.1,7.8,4.0,1.0,1.7,0.494,0.071,0.848,11.5,0.197,marc gasol,0,201188,Marc Gasol,MEM,28.0,2012-13,80,35.0,14.1,7.8,4.0,1.0,1.7,2.0,0.494,0.071,0.848,5.4,0.559,0.192,0.146,104.5,96.3,8.2,0.207,0.26,0.253,6.8,0.5,2.2,Transition
2012-13,12T,Ty Lawson,DEN,0,1,1210,0.001,25.0,73.0,34.4,16.7,2.7,6.9,1.5,0.1,0.461,0.366,0.756,7.4,0.141,ty lawson,0,201951,Ty Lawson,DEN,25.0,2012-13,73,34.4,16.7,2.7,6.9,1.5,0.1,2.5,0.461,0.366,0.756,3.9,0.549,0.219,0.118,110.2,104.9,5.3,0.217,0.402,0.086,7.3,3.7,3.0,Transition
2012-13,12T,David Lee,GSW,0,1,1210,0.001,29.0,79.0,36.8,18.5,11.2,3.5,0.8,0.3,0.519,0.0,0.797,9.1,0.15,david lee,0,101135,David Lee,GSW,30.0,2012-13,79,36.8,18.5,11.2,3.5,0.8,0.3,2.6,0.519,0.0,0.797,2.2,0.561,0.23,0.141,107.0,104.3,2.7,0.235,0.191,0.329,11.1,1.3,2.1,Transition
2012-13,12T,Joakim Noah,CHI,0,1,1210,0.001,27.0,66.0,36.8,11.9,11.1,4.0,1.2,2.1,0.481,0.0,0.751,7.3,0.145,joakim noah,0,201149,Joakim Noah,CHI,28.0,2012-13,66,36.8,11.9,11.1,4.0,1.2,2.1,2.7,0.481,0.0,0.751,0.9,0.534,0.17,0.139,100.9,99.3,1.6,0.168,0.217,0.331,7.4,1.0,1.7,Transition
2012-13,2,Kevin Durant,OKC,0,765,1210,0.632,24.0,81.0,38.5,28.1,7.9,4.6,1.4,1.3,0.51,0.416,0.905,18.9,0.291,kevin durant,0,201142,Kevin Durant,OKC,24.0,2012-13,81,38.5,28.1,7.9,4.6,1.4,1.3,3.5,0.51,0.416,0.905,8.9,0.647,0.295,0.202,113.1,100.9,12.2,0.329,0.269,0.226,9.4,4.2,4.8,Transition
2012-13,3,Carmelo Anthony,NYK,1,475,1210,0.393,28.0,67.0,37.0,28.7,6.9,2.6,0.8,0.5,0.449,0.379,0.83,9.5,0.184,carmelo anthony,0,2546,Carmelo Anthony,NYK,29.0,2012-13,67,37.0,28.7,6.9,2.6,0.8,0.5,2.6,0.449,0.379,0.83,4.6,0.56,0.349,0.151,112.0,105.8,6.2,0.365,0.177,0.216,7.6,2.1,4.7,Transition
2012-13,4,Chris Paul,LAC,0,289,1210,0.239,27.0,70.0,33.4,16.9,3.7,9.7,2.4,0.1,0.481,0.328,0.885,13.9,0.287,chris paul,0,101108,Chris Paul,LAC,28.0,2012-13,70,33.4,16.9,3.7,9.7,2.4,0.1,2.3,0.481,0.328,0.885,6.2,0.594,0.223,0.178,114.3,104.5,9.7,0.231,0.546,0.131,5.1,1.5,3.2,Transition
2012-13,5,Kobe Bryant,LAL,0,184,1210,0.152,34.0,78.0,38.6,27.3,5.6,6.0,1.4,0.3,0.463,0.324,0.839,10.9,0.174,kobe bryant,0,977,Kobe Bryant,LAL,34.0,2012-13,78,38.6,27.3,5.6,6.0,1.4,0.3,3.7,0.463,0.324,0.839,1.8,0.57,0.313,0.156,108.5,106.6,1.9,0.327,0.343,0.156,9.7,3.3,4.3,Transition
2012-13,6,Tony Parker,SAS,0,86,1210,0.071,30.0,66.0,32.9,20.3,3.0,7.6,0.8,0.1,0.522,0.353,0.845,9.3,0.206,tony parker,0,2225,Tony Parker,SAS,31.0,2012-13,66,32.9,20.3,3.0,7.6,0.8,0.1,2.6,0.522,0.353,0.845,6.8,0.588,0.276,0.161,108.8,98.6,10.2,0.286,0.454,0.106,10.1,3.7,3.1,Transition
2012-13,7,Tim Duncan,SAS,0,65,1210,0.054,36.0,69.0,30.1,17.8,9.9,2.7,0.7,2.7,0.502,0.286,0.817,8.3,0.191,tim duncan,0,1495,Tim Duncan,SAS,37.0,2012-13,69,30.1,17.8,9.9,2.7,0.7,2.7,2.1,0.502,0.286,0.817,6.7,0.554,0.276,0.178,108.1,97.8,10.3,0.275,0.168,0.37,8.6,1.1,2.6,Transition
2012-13,8,James Harden,HOU,0,33,1210,0.027,23.0,78.0,38.3,25.9,4.9,5.8,1.8,0.5,0.438,0.368,0.851,12.8,0.206,james harden,0,201935,James Harden,HOU,23.0,2012-13,78,38.3,25.9,4.9,5.8,1.8,0.5,3.8,0.438,0.368,0.851,2.5,0.6,0.285,0.149,108.8,105.9,2.9,0.306,0.327,0.142,8.6,6.3,4.8,Transition
2012-13,9,Russell Westbrook,OKC,0,9,1210,0.007,24.0,82.0,34.9,23.2,5.2,7.4,1.8,0.3,0.438,0.323,0.8,11.6,0.195,russell westbrook,0,201566,Russell Westbrook,OKC,24.0,2012-13,82,34.9,23.2,5.2,7.4,1.8,0.3,3.3,0.438,0.323,0.8,7.7,0.532,0.322,0.155,112.5,101.2,11.2,0.298,0.471,0.163,9.6,5.6,4.3,Transition
2013-14,1,Kevin Durant,OKC,119,1232,1250,0.986,25.0,81.0,38.5,32.0,7.4,5.5,1.3,0.7,0.503,0.391,0.873,19.2,0.295,kevin durant,1,201142,Kevin Durant,OKC,25.0,2013-14,81,38.5,32.0,7.4,5.5,1.3,0.7,3.5,0.503,0.391,0.873,6.3,0.635,0.322,0.206,111.4,103.3,8.1,0.367,0.31,0.205,10.6,5.5,5.1,Transition
2013-14,10,LaMarcus Aldridge,POR,0,26,1250,0.021,28.0,69.0,36.2,23.2,11.1,2.6,0.9,1.0,0.458,0.2,0.822,7.5,0.144,lamarcus aldridge,0,200746,LaMarcus Aldridge,POR,28.0,2013-14,69,36.2,23.2,11.1,2.6,0.9,1.0,1.8,0.458,0.2,0.822,5.3,0.507,0.296,0.155,112.1,104.6,7.5,0.286,0.144,0.316,7.8,1.4,2.9,Transition
2013-14,11,Kevin Love,MIN,0,25,1250,0.02,25.0,77.0,36.3,26.1,12.5,4.4,0.8,0.5,0.457,0.376,0.821,14.3,0.245,kevin love,0,201567,Kevin Love,MIN,25.0,2013-14,77,36.3,26.1,12.5,4.4,0.8,0.5,2.5,0.457,0.376,0.821,4.6,0.591,0.281,0.191,110.5,104.6,5.9,0.31,0.232,0.375,8.6,1.9,4.6,Transition
2013-14,12T,Tim Duncan,SAS,0,21,1250,0.017,37.0,74.0,29.2,15.1,9.7,3.0,0.6,1.9,0.49,0.0,0.731,7.4,0.164,tim duncan,0,1495,Tim Duncan,SAS,38.0,2013-14,74,29.2,15.1,9.7,3.0,0.6,1.9,2.1,0.49,0.0,0.731,4.1,0.535,0.251,0.154,108.2,101.5,6.7,0.24,0.19,0.371,8.5,0.5,1.8,Transition
2013-14,12T,Tony Parker,SAS,0,21,1250,0.017,31.0,68.0,29.4,16.7,2.3,5.7,0.5,0.1,0.499,0.373,0.811,5.9,0.141,tony parker,0,2225,Tony Parker,SAS,32.0,2013-14,68,29.4,16.7,2.3,5.7,0.5,0.1,2.2,0.499,0.373,0.811,4.0,0.555,0.263,0.129,108.2,101.3,6.8,0.262,0.366,0.087,8.3,2.5,2.4,Transition
2013-14,14,Dirk Nowitzki,DAL,0,7,1250,0.006,35.0,80.0,32.9,21.7,6.2,2.7,0.9,0.6,0.497,0.398,0.899,10.9,0.199,dirk nowitzki,0,1717,Dirk Nowitzki,DAL,36.0,2013-14,80,32.9,21.7,6.2,2.7,0.9,0.6,1.5,0.497,0.398,0.899,4.0,0.603,0.26,0.161,109.4,103.9,5.5,0.3,0.166,0.225,3.6,1.4,3.0,Transition
2013-14,15,Carmelo Anthony,NYK,0,4,1250,0.003,29.0,77.0,38.7,27.4,8.1,3.1,1.2,0.7,0.452,0.402,0.848,10.7,0.172,carmelo anthony,0,2546,Carmelo Anthony,NYK,30.0,2013-14,77,38.7,27.4,8.1,3.1,1.2,0.7,2.6,0.452,0.402,0.848,1.4,0.561,0.318,0.162,108.3,107.1,1.3,0.343,0.194,0.247,6.2,1.7,4.2,Transition
2013-14,16,Goran Dragić,PHO,0,3,1250,0.002,27.0,76.0,35.1,20.3,3.2,5.9,1.4,0.3,0.505,0.408,0.76,10.3,0.186,goran dragic,0,201609,Goran Dragic,PHX,28.0,2013-14,76,35.1,20.3,3.2,5.9,1.4,0.3,2.8,0.505,0.408,0.76,4.0,0.604,0.241,0.134,111.1,105.5,5.6,0.258,0.414,0.102,8.4,5.0,3.4,Transition
2013-14,17,Mike Conley,MEM,0,1,1250,0.001,26.0,73.0,33.5,17.2,2.9,6.0,1.5,0.2,0.45,0.361,0.815,8.2,0.161,mike conley,0,201144,Mike Conley,MEM,26.0,2013-14,73,33.5,17.2,2.9,6.0,1.5,0.2,2.1,0.45,0.361,0.815,2.1,0.545,0.24,0.13,107.1,104.1,3.0,0.252,0.394,0.1,7.0,2.5,2.9,Transition
2013-14,2,LeBron James,MIA,6,891,1250,0.713,29.0,77.0,37.7,27.1,6.9,6.3,1.6,0.3,0.567,0.379,0.75,15.9,0.264,lebron james,0,2544,LeBron James,MIA,29.0,2013-14,77,37.7,27.1,6.9,6.3,1.6,0.3,3.5,0.567,0.379,0.75,5.3,0.649,0.303,0.2,112.0,105.1,6.9,0.331,0.348,0.246,13.6,6.1,6.1,Transition
2013-14,3,Blake Griffin,LAC,0,434,1250,0.347,24.0,80.0,35.8,24.1,9.5,3.9,1.2,0.6,0.528,0.273,0.715,12.2,0.205,blake griffin,0,201933,Blake Griffin,LAC,25.0,2013-14,80,35.8,24.1,9.5,3.9,1.2,0.6,2.8,0.528,0.273,0.715,7.1,0.583,0.286,0.162,112.9,103.1,9.8,0.296,0.201,0.297,13.4,5.0,4.3,Transition
2013-14,4,Joakim Noah,CHI,0,322,1250,0.258,28.0,80.0,35.3,12.6,11.3,5.4,1.2,1.5,0.475,0.0,0.737,11.2,0.19,joakim noah,0,201149,Joakim Noah,CHI,29.0,2013-14,80,35.2,12.6,11.3,5.4,1.2,1.5,2.4,0.475,0.0,0.737,2.9,0.531,0.185,0.156,103.5,99.1,4.4,0.182,0.311,0.35,7.8,0.9,2.2,Transition
2013-14,5,James Harden,HOU,0,85,1250,0.068,24.0,73.0,38.0,25.4,4.7,6.1,1.6,0.4,0.456,0.366,0.866,12.8,0.221,james harden,0,201935,James Harden,HOU,24.0,2013-14,73,38.0,25.4,4.7,6.1,1.6,0.4,3.6,0.456,0.366,0.866,5.6,0.618,0.27,0.156,112.1,104.9,7.2,0.292,0.366,0.131,7.7,6.9,4.3,Transition
2013-14,6,Stephen Curry,GSW,0,66,1250,0.053,25.0,78.0,36.5,24.0,4.3,8.5,1.6,0.2,0.471,0.424,0.885,13.4,0.225,stephen curry,0,201939,Stephen Curry,GSW,26.0,2013-14,78,36.5,24.0,4.3,8.5,1.6,0.2,3.8,0.471,0.424,0.885,7.4,0.61,0.275,0.164,110.6,101.0,9.6,0.291,0.456,0.125,4.9,4.9,3.9,Transition
2013-14,7,Chris Paul,LAC,0,45,1250,0.036,28.0,62.0,35.0,19.1,4.3,10.7,2.5,0.1,0.467,0.368,0.855,12.2,0.27,chris paul,0,101108,Chris Paul,LAC,29.0,2013-14,62,35.0,19.1,4.3,10.7,2.5,0.1,2.3,0.467,0.368,0.855,8.5,0.58,0.23,0.179,113.2,101.9,11.3,0.235,0.553,0.136,5.6,2.0,3.8,Transition
2013-14,8,Al Jefferson,CHA,0,34,1250,0.027,29.0,73.0,35.0,21.8,10.8,2.1,0.9,1.1,0.509,0.2,0.69,7.8,0.146,al jefferson,0,2744,Al Jefferson,CHA,29.0,2013-14,73,35.0,21.8,10.8,2.1,0.9,1.1,1.7,0.509,0.2,0.69,0.4,0.532,0.293,0.17,103.6,103.1,0.5,0.31,0.13,0.355,13.5,0.4,3.1,Transition
2013-14,9,Paul George,IND,0,33,1250,0.026,23.0,80.0,36.2,21.7,6.8,3.5,1.9,0.3,0.424,0.364,0.864,10.8,0.178,paul george,0,202331,Paul George,IND,24.0,2013-14,80,36.2,21.7,6.8,3.5,1.9,0.3,2.8,0.424,0.364,0.864,4.6,0.555,0.278,0.157,104.5,98.0,6.5,0.295,0.229,0.201,5.7,2.8,4.1,Transition
2014-15,1,Stephen Curry,GSW,100,1198,1300,0.922,26.0,80.0,32.7,23.8,4.3,7.7,2.0,0.2,0.487,0.443,0.914,15.7,0.288,stephen curry,1,201939,Stephen Curry,GSW,27.0,2014-15,80,32.7,23.8,4.3,7.7,2.0,0.2,3.1,0.487,0.443,0.914,11.5,0.638,0.277,0.178,114.7,98.5,16.3,0.299,0.392,0.137,6.3,6.1,4.4,Transition
2014-15,10T,Tim Duncan,SAS,0,1,1300,0.001,38.0,77.0,28.9,13.9,9.1,3.0,0.8,2.0,0.512,0.286,0.74,9.6,0.207,tim duncan,0,1495,Tim Duncan,SAS,39.0,2014-15,77,28.9,13.9,9.1,3.0,0.8,2.0,1.7,0.512,0.286,0.74,4.0,0.56,0.221,0.156,106.9,100.2,6.8,0.227,0.201,0.356,8.4,0.6,1.8,Transition
2014-15,10T,Kawhi Leonard,SAS,0,1,1300,0.001,23.0,64.0,31.8,16.5,7.2,2.5,2.3,0.8,0.479,0.349,0.802,8.6,0.204,kawhi leonard,0,202695,Kawhi Leonard,SAS,24.0,2014-15,64,31.8,16.5,7.2,2.5,2.3,0.8,1.5,0.479,0.349,0.802,6.9,0.567,0.227,0.148,109.7,98.3,11.4,0.239,0.156,0.25,6.1,3.0,3.1,Transition
2014-15,10T,Klay Thompson,GSW,0,1,1300,0.001,24.0,77.0,31.9,21.7,3.2,2.9,1.1,0.8,0.463,0.439,0.879,8.8,0.172,klay thompson,0,202691,Klay Thompson,GSW,25.0,2014-15,77,31.9,21.7,3.2,2.9,1.1,0.8,1.9,0.463,0.439,0.879,10.1,0.591,0.272,0.126,114.1,98.9,15.2,0.285,0.152,0.107,5.9,4.1,3.2,Transition
2014-15,2,James Harden,HOU,25,936,1300,0.72,25.0,81.0,36.8,27.4,5.7,7.0,1.9,0.7,0.44,0.375,0.868,16.4,0.265,james harden,0,201935,James Harden,HOU,25.0,2014-15,81,36.8,27.4,5.7,7.0,1.9,0.7,4.0,0.44,0.375,0.868,4.1,0.605,0.308,0.184,109.2,103.5,5.7,0.335,0.416,0.171,8.3,5.7,5.0,Transition
2014-15,3,LeBron James,CLE,5,552,1300,0.425,30.0,69.0,36.1,25.3,6.0,7.4,1.6,0.7,0.488,0.354,0.71,10.4,0.199,lebron james,0,2544,LeBron James,CLE,30.0,2014-15,69,36.1,25.3,6.0,7.4,1.6,0.7,3.9,0.488,0.354,0.71,7.8,0.577,0.318,0.171,113.8,102.8,10.9,0.313,0.435,0.189,10.9,4.9,4.9,Transition
2014-15,4,Russell Westbrook,OKC,0,352,1300,0.271,26.0,67.0,34.4,28.1,7.3,8.6,2.1,0.2,0.426,0.299,0.835,10.6,0.222,russell westbrook,0,201566,Russell Westbrook,OKC,26.0,2014-15,67,34.4,28.1,7.3,8.6,2.1,0.2,4.4,0.426,0.299,0.835,3.7,0.536,0.368,0.187,111.0,106.3,4.7,0.356,0.561,0.211,11.3,8.2,4.4,Transition
2014-15,5,Anthony Davis,NOP,0,203,1300,0.156,21.0,68.0,36.1,24.4,10.2,2.2,1.5,2.9,0.535,0.083,0.805,14.0,0.274,anthony davis,0,203076,Anthony Davis,NOP,22.0,2014-15,68,36.1,24.4,10.2,2.2,1.5,2.9,1.4,0.535,0.083,0.805,3.9,0.591,0.272,0.192,109.9,103.8,6.1,0.316,0.125,0.312,12.0,2.6,3.6,Transition
2014-15,6,Chris Paul,LAC,0,124,1300,0.095,29.0,82.0,34.8,19.1,4.6,10.2,1.9,0.2,0.485,0.398,0.9,16.1,0.27,chris paul,0,101108,Chris Paul,LAC,30.0,2014-15,82,34.8,19.1,4.6,10.2,1.9,0.2,2.3,0.485,0.398,0.9,8.9,0.596,0.232,0.173,116.7,104.0,12.7,0.234,0.533,0.145,4.3,2.0,2.2,Transition
2014-15,7,LaMarcus Aldridge,POR,0,6,1300,0.005,29.0,71.0,35.4,23.4,10.2,1.7,0.7,1.0,0.466,0.352,0.845,8.6,0.165,lamarcus aldridge,0,200746,LaMarcus Aldridge,POR,29.0,2014-15,71,35.4,23.4,10.2,1.7,0.7,1.0,1.7,0.466,0.352,0.845,4.8,0.528,0.297,0.156,109.9,103.4,6.6,0.303,0.108,0.305,8.3,0.9,2.8,Transition
2014-15,8T,Marc Gasol,MEM,0,3,1300,0.002,30.0,81.0,33.2,17.4,7.8,3.8,0.9,1.6,0.494,0.176,0.795,10.2,0.182,marc gasol,0,201188,Marc Gasol,MEM,30.0,2014-15,81,33.2,17.4,7.8,3.8,0.9,1.6,2.2,0.494,0.176,0.795,2.8,0.558,0.245,0.151,106.6,102.7,3.9,0.254,0.25,0.274,8.5,0.9,2.6,Transition
2014-15,8T,Blake Griffin,LAC,0,3,1300,0.002,25.0,67.0,35.2,21.9,7.6,5.3,0.9,0.5,0.502,0.4,0.728,9.0,0.183,blake griffin,0,201933,Blake Griffin,LAC,26.0,2014-15,67,35.2,21.9,7.6,5.3,0.9,0.5,2.3,0.502,0.4,0.728,8.7,0.551,0.278,0.146,116.9,104.7,12.2,0.267,0.273,0.241,10.6,3.1,3.3,Transition
2015-16,1,Stephen Curry,GSW,131,1310,1310,1.0,27.0,79.0,34.2,30.1,5.4,6.7,2.1,0.2,0.504,0.454,0.908,17.9,0.318,stephen curry,1,201939,Stephen Curry,GSW,28.0,2015-16,79,34.2,30.1,5.4,6.7,2.1,0.2,3.3,0.504,0.454,0.908,12.9,0.669,0.314,0.197,117.5,99.8,17.7,0.35,0.31,0.161,8.1,6.4,4.8,Transition
2015-16,10,Kyle Lowry,TOR,0,6,1310,0.005,29.0,77.0,37.0,21.2,4.7,6.4,2.1,0.4,0.427,0.388,0.811,11.6,0.196,kyle lowry,0,200768,Kyle Lowry,TOR,30.0,2015-16,77,37.0,21.2,4.7,6.4,2.1,0.4,2.9,0.427,0.388,0.811,4.9,0.578,0.256,0.145,110.8,104.4,6.4,0.265,0.425,0.143,5.8,3.7,3.7,Transition
2015-16,2,Kawhi Leonard,SAS,0,634,1310,0.484,24.0,72.0,33.1,21.2,6.8,2.6,1.8,1.0,0.506,0.443,0.874,13.7,0.277,kawhi leonard,0,202695,Kawhi Leonard,SAS,25.0,2015-16,72,33.0,21.2,6.8,2.6,1.8,1.0,1.5,0.506,0.443,0.874,9.1,0.616,0.252,0.17,110.0,95.9,14.1,0.295,0.151,0.222,7.1,2.6,3.4,Transition
2015-16,3,LeBron James,CLE,0,631,1310,0.482,31.0,76.0,35.6,25.3,7.4,6.8,1.4,0.6,0.52,0.309,0.731,13.6,0.242,lebron james,0,2544,LeBron James,CLE,31.0,2015-16,76,35.6,25.3,7.4,6.8,1.4,0.6,3.3,0.52,0.309,0.731,8.1,0.588,0.305,0.189,114.0,102.6,11.4,0.315,0.386,0.223,14.0,5.4,5.4,Transition
2015-16,4,Russell Westbrook,OKC,0,486,1310,0.371,27.0,80.0,34.4,23.5,7.8,10.4,2.0,0.3,0.454,0.296,0.812,14.0,0.245,russell westbrook,0,201566,Russell Westbrook,OKC,27.0,2015-16,80,34.4,23.5,7.8,10.4,2.0,0.3,4.3,0.454,0.296,0.812,7.9,0.554,0.311,0.188,114.8,103.5,11.3,0.289,0.596,0.223,10.3,6.2,3.5,Transition
2015-16,5,Kevin Durant,OKC,0,147,1310,0.112,27.0,72.0,35.8,28.2,8.2,5.0,1.0,1.2,0.505,0.387,0.898,14.5,0.27,kevin durant,0,201142,Kevin Durant,OKC,27.0,2015-16,72,35.8,28.2,8.2,5.0,1.0,1.2,3.5,0.505,0.387,0.898,9.0,0.634,0.298,0.194,114.5,102.9,11.6,0.331,0.274,0.223,8.8,4.6,3.0,Transition
2015-16,6,Chris Paul,LAC,0,107,1310,0.082,30.0,74.0,32.7,19.5,4.2,10.0,2.1,0.2,0.462,0.371,0.896,12.7,0.253,chris paul,0,101108,Chris Paul,LAC,31.0,2015-16,74,32.7,19.5,4.2,10.0,2.1,0.2,2.6,0.462,0.371,0.896,7.5,0.575,0.265,0.184,112.3,101.3,11.0,0.261,0.595,0.143,4.9,2.2,3.6,Transition
2015-16,7,Draymond Green,GSW,0,50,1310,0.038,25.0,81.0,34.7,14.0,9.5,7.4,1.5,1.4,0.49,0.388,0.696,11.1,0.19,draymond green,0,203110,Draymond Green,GSW,26.0,2015-16,81,34.7,14.0,9.5,7.4,1.5,1.4,3.2,0.49,0.388,0.696,13.2,0.587,0.184,0.136,117.0,99.1,18.0,0.162,0.334,0.279,7.2,2.5,1.7,Transition
2015-16,8,Damian Lillard,POR,0,26,1310,0.02,25.0,75.0,35.7,25.1,4.0,6.8,0.9,0.4,0.419,0.375,0.892,9.2,0.165,damian lillard,0,203081,Damian Lillard,POR,25.0,2015-16,75,35.7,25.1,4.0,6.8,0.9,0.4,3.2,0.419,0.375,0.892,1.3,0.56,0.304,0.143,109.4,107.8,1.6,0.312,0.425,0.121,7.1,2.0,2.8,Transition
2015-16,9,James Harden,HOU,0,9,1310,0.007,26.0,82.0,38.1,29.0,6.1,7.5,1.7,0.6,0.439,0.359,0.86,13.3,0.204,james harden,0,201935,James Harden,HOU,26.0,2015-16,82,38.1,29.0,6.1,7.5,1.7,0.6,4.6,0.439,0.359,0.86,1.5,0.598,0.319,0.174,108.6,106.9,1.6,0.34,0.427,0.181,8.4,5.6,4.8,Transition
2016-17,1,Russell Westbrook,OKC,69,888,1010,0.879,28.0,81.0,34.6,31.6,10.7,10.4,1.6,0.4,0.425,0.343,0.845,13.1,0.224,russell westbrook,1,201566,Russell Westbrook,OKC,28.0,2016-17,81,34.6,31.6,10.7,10.4,1.6,0.4,5.4,0.425,0.343,0.845,3.1,0.554,0.402,0.23,110.6,106.1,4.5,0.395,0.659,0.308,10.1,6.7,4.7,Small-Ball
2016-17,11,DeMar DeRozan,TOR,0,1,1010,0.001,27.0,74.0,35.4,27.3,5.2,3.9,1.1,0.2,0.467,0.266,0.842,9.0,0.16,demar derozan,0,201942,DeMar DeRozan,TOR,27.0,2016-17,74,35.4,27.3,5.2,3.9,1.1,0.2,2.4,0.467,0.266,0.842,2.0,0.552,0.337,0.155,111.3,108.7,2.5,0.344,0.294,0.165,10.3,2.5,3.5,Small-Ball
2016-17,2,James Harden,HOU,22,753,1010,0.746,27.0,81.0,36.4,29.1,8.1,11.2,1.5,0.5,0.44,0.347,0.847,15.0,0.245,james harden,0,201935,James Harden,HOU,27.0,2016-17,81,36.4,29.1,8.1,11.2,1.5,0.5,5.7,0.44,0.347,0.847,5.2,0.613,0.333,0.19,115.6,108.9,6.7,0.327,0.583,0.244,8.6,4.0,4.4,Small-Ball
2016-17,3,Kawhi Leonard,SAS,9,500,1010,0.495,25.0,74.0,33.4,25.5,5.8,3.5,1.8,0.7,0.485,0.38,0.88,13.6,0.264,kawhi leonard,0,202695,Kawhi Leonard,SAS,26.0,2016-17,74,33.4,25.5,5.8,3.5,1.8,0.7,2.1,0.485,0.38,0.88,5.9,0.61,0.306,0.174,113.8,105.1,8.7,0.339,0.21,0.195,7.2,3.5,4.3,Small-Ball
2016-17,4,LeBron James,CLE,1,333,1010,0.33,32.0,74.0,37.8,26.4,8.6,8.7,1.2,0.6,0.548,0.363,0.674,12.9,0.221,lebron james,0,2544,LeBron James,CLE,32.0,2016-17,74,37.8,26.4,8.6,8.7,1.2,0.6,4.1,0.548,0.363,0.674,6.5,0.619,0.292,0.183,116.7,108.5,8.3,0.296,0.457,0.25,13.9,5.5,4.1,Small-Ball
2016-17,5,Isaiah Thomas,BOS,0,81,1010,0.08,27.0,76.0,33.8,28.9,2.7,5.9,0.9,0.2,0.463,0.379,0.909,12.5,0.234,isaiah thomas,0,202738,Isaiah Thomas,BOS,28.0,2016-17,76,33.8,28.9,2.7,5.9,0.9,0.2,2.8,0.463,0.379,0.909,3.6,0.625,0.332,0.161,115.1,110.5,4.6,0.362,0.326,0.093,9.6,4.5,3.8,Small-Ball
2016-17,6,Stephen Curry,GSW,0,52,1010,0.051,28.0,79.0,33.4,25.3,4.5,6.6,1.8,0.2,0.468,0.411,0.898,12.6,0.229,stephen curry,0,201939,Stephen Curry,GSW,29.0,2016-17,79,33.4,25.3,4.5,6.6,1.8,0.2,3.0,0.468,0.411,0.898,12.8,0.624,0.286,0.151,120.1,102.7,17.4,0.293,0.294,0.143,6.4,6.0,4.4,Small-Ball
2016-17,7T,Giannis Antetokounmpo,MIL,0,7,1010,0.007,22.0,80.0,35.6,22.9,8.8,5.4,1.6,1.9,0.521,0.272,0.77,12.4,0.21,giannis antetokounmpo,0,203507,Giannis Antetokounmpo,MIL,22.0,2016-17,80,35.6,22.9,8.8,5.4,1.6,1.9,2.9,0.521,0.272,0.77,0.6,0.599,0.28,0.176,108.6,107.5,1.1,0.299,0.309,0.294,13.1,5.4,4.7,Small-Ball
2016-17,7T,John Wall,WAS,0,7,1010,0.007,26.0,78.0,36.4,23.1,4.2,10.7,2.0,0.6,0.451,0.327,0.801,8.8,0.149,john wall,0,202322,John Wall,WAS,26.0,2016-17,78,36.4,23.1,4.2,10.7,2.0,0.6,4.1,0.451,0.327,0.801,3.2,0.541,0.299,0.153,113.0,108.8,4.2,0.271,0.573,0.129,9.9,5.9,4.1,Small-Ball
2016-17,9T,Anthony Davis,NOP,0,2,1010,0.002,23.0,75.0,36.1,28.0,11.8,2.1,1.3,2.2,0.505,0.299,0.802,11.0,0.195,anthony davis,0,203076,Anthony Davis,NOP,24.0,2016-17,75,36.1,28.0,11.8,2.1,1.3,2.2,2.4,0.505,0.299,0.802,0.7,0.58,0.321,0.192,105.2,104.1,1.1,0.358,0.121,0.352,12.9,2.2,3.5,Small-Ball
2016-17,9T,Kevin Durant,GSW,0,2,1010,0.002,28.0,62.0,33.4,25.1,8.3,4.8,1.1,1.6,0.537,0.375,0.875,12.0,0.278,kevin durant,0,201142,Kevin Durant,GSW,28.0,2016-17,62,33.4,25.1,8.3,4.8,1.1,1.6,2.2,0.537,0.375,0.875,11.5,0.651,0.271,0.186,118.0,102.3,15.7,0.297,0.221,0.267,10.0,5.7,4.6,Small-Ball
2017-18,1,James Harden,HOU,86,965,1010,0.955,28.0,72.0,35.4,30.4,5.4,8.8,1.8,0.7,0.449,0.367,0.858,15.4,0.289,james harden,1,201935,James Harden,HOU,28.0,2017-18,72,35.4,30.4,5.4,8.8,1.8,0.7,4.4,0.449,0.367,0.858,7.3,0.619,0.353,0.194,116.2,106.2,10.0,0.361,0.546,0.171,9.3,2.0,4.7,Small-Ball
2017-18,10T,Jimmy Butler,MIN,0,5,1010,0.005,28.0,59.0,36.7,22.2,5.3,4.9,2.0,0.4,0.474,0.35,0.854,8.9,0.198,jimmy butler,0,202710,Jimmy Butler,MIN,28.0,2017-18,59,36.7,22.2,5.3,4.9,2.0,0.4,1.8,0.474,0.35,0.854,6.3,0.59,0.245,0.151,114.7,106.4,8.3,0.264,0.274,0.165,8.6,2.6,4.0,Small-Ball
2017-18,10T,Stephen Curry,GSW,0,5,1010,0.005,29.0,51.0,32.0,26.4,5.1,6.1,1.6,0.2,0.495,0.423,0.921,9.1,0.267,stephen curry,0,201939,Stephen Curry,GSW,30.0,2017-18,51,32.0,26.4,5.1,6.1,1.6,0.2,3.0,0.495,0.423,0.921,9.5,0.675,0.29,0.165,120.6,107.7,13.0,0.312,0.286,0.174,5.4,4.4,4.3,Small-Ball
2017-18,12,Joel Embiid,PHI,0,4,1010,0.004,23.0,63.0,30.3,22.9,11.0,3.2,0.6,1.8,0.483,0.308,0.769,6.2,0.155,joel embiid,0,203954,Joel Embiid,PHI,24.0,2017-18,63,30.4,22.9,11.0,3.2,0.6,1.8,3.7,0.483,0.308,0.769,7.7,0.573,0.33,0.177,110.6,98.9,11.7,0.324,0.192,0.366,10.0,0.6,2.4,Small-Ball
2017-18,13,Victor Oladipo,IND,0,2,1010,0.002,25.0,75.0,34.0,23.1,5.2,4.3,2.4,0.8,0.477,0.371,0.799,8.2,0.155,victor oladipo,0,203506,Victor Oladipo,IND,26.0,2017-18,75,34.0,23.1,5.2,4.3,2.4,0.8,2.9,0.477,0.371,0.799,4.5,0.577,0.295,0.148,109.9,104.0,5.9,0.302,0.272,0.174,8.6,4.3,4.8,Small-Ball
2017-18,2,LeBron James,CLE,15,738,1010,0.731,33.0,82.0,36.9,27.5,8.6,9.1,1.4,0.9,0.542,0.367,0.731,14.0,0.221,lebron james,0,2544,LeBron James,CLE,33.0,2017-18,82,36.9,27.5,8.6,9.1,1.4,0.9,4.2,0.542,0.367,0.731,1.3,0.621,0.31,0.191,113.7,112.1,1.6,0.317,0.495,0.269,14.4,4.2,4.1,Small-Ball
2017-18,3,Anthony Davis,NOP,0,445,1010,0.441,24.0,75.0,36.4,28.1,11.1,2.3,1.5,2.6,0.534,0.34,0.828,13.7,0.241,anthony davis,0,203076,Anthony Davis,NOP,25.0,2017-18,75,36.4,28.1,11.1,2.3,1.5,2.6,2.2,0.534,0.34,0.828,3.9,0.612,0.291,0.188,109.2,104.3,5.0,0.331,0.112,0.329,15.4,3.6,4.2,Small-Ball
2017-18,4,Damian Lillard,POR,0,207,1010,0.205,27.0,73.0,36.6,26.9,4.5,6.6,1.1,0.4,0.439,0.361,0.916,12.6,0.227,damian lillard,0,203081,Damian Lillard,POR,27.0,2017-18,73,36.6,26.9,4.5,6.6,1.1,0.4,2.8,0.439,0.361,0.916,4.7,0.594,0.295,0.165,110.7,104.5,6.1,0.323,0.428,0.128,7.7,2.2,3.5,Small-Ball
2017-18,5,Russell Westbrook,OKC,0,76,1010,0.075,29.0,80.0,36.4,25.4,10.1,10.3,1.8,0.3,0.449,0.298,0.737,10.1,0.166,russell westbrook,0,201566,Russell Westbrook,OKC,29.0,2017-18,80,36.4,25.4,10.1,10.3,1.8,0.3,4.8,0.449,0.298,0.737,4.8,0.524,0.326,0.186,112.3,105.6,6.6,0.299,0.604,0.284,11.3,5.5,5.2,Small-Ball
2017-18,6,Giannis Antetokounmpo,MIL,0,75,1010,0.074,23.0,75.0,36.7,26.9,10.0,4.8,1.5,1.4,0.529,0.307,0.76,11.9,0.207,giannis antetokounmpo,0,203507,Giannis Antetokounmpo,MIL,23.0,2017-18,75,36.7,26.9,10.0,4.8,1.5,1.4,3.0,0.529,0.307,0.76,2.0,0.598,0.307,0.186,109.4,106.5,2.8,0.329,0.273,0.324,15.7,4.7,4.2,Small-Ball
2017-18,7,Kevin Durant,GSW,0,66,1010,0.065,29.0,68.0,34.2,26.4,6.8,5.4,0.7,1.8,0.516,0.419,0.889,10.4,0.215,kevin durant,0,201142,Kevin Durant,GSW,29.0,2017-18,68,34.2,26.4,6.8,5.4,0.7,1.8,3.0,0.516,0.419,0.889,5.2,0.64,0.293,0.168,115.9,108.9,7.0,0.312,0.252,0.221,7.7,4.3,3.7,Small-Ball
2017-18,8,DeMar DeRozan,TOR,0,32,1010,0.032,28.0,80.0,33.9,23.0,3.9,5.2,1.1,0.3,0.456,0.31,0.825,9.6,0.17,demar derozan,0,201942,DeMar DeRozan,TOR,28.0,2017-18,80,33.9,23.0,3.9,5.2,1.1,0.3,2.2,0.456,0.31,0.825,5.5,0.555,0.286,0.135,114.2,106.5,7.7,0.287,0.311,0.124,8.6,2.1,3.6,Small-Ball
2017-18,9,LaMarcus Aldridge,SAS,0,6,1010,0.006,32.0,75.0,33.5,23.1,8.5,2.0,0.6,1.2,0.51,0.293,0.837,10.9,0.209,lamarcus aldridge,0,200746,LaMarcus Aldridge,SAS,32.0,2017-18,75,33.4,23.1,8.5,2.0,0.6,1.2,1.5,0.51,0.293,0.837,3.7,0.57,0.288,0.159,108.7,103.3,5.4,0.322,0.13,0.269,11.3,0.8,3.4,Small-Ball
2018-19,1,Giannis Antetokounmpo,MIL,78,941,1010,0.932,24.0,72.0,32.8,27.7,12.5,5.9,1.3,1.5,0.578,0.256,0.729,14.4,0.292,giannis antetokounmpo,1,203507,Giannis Antetokounmpo,MIL,24.0,2018-19,72,32.8,27.7,12.5,5.9,1.3,1.5,3.7,0.578,0.256,0.729,9.1,0.644,0.314,0.218,114.3,101.8,12.5,0.337,0.33,0.374,17.5,4.7,3.9,Small-Ball
2018-19,10,Russell Westbrook,OKC,0,8,1010,0.008,30.0,73.0,36.0,22.9,11.1,10.7,1.9,0.5,0.428,0.29,0.656,6.8,0.124,russell westbrook,0,201566,Russell Westbrook,OKC,30.0,2018-19,73,36.0,22.9,11.1,10.7,1.9,0.5,4.5,0.428,0.29,0.656,4.0,0.501,0.301,0.164,112.4,107.4,5.0,0.259,0.571,0.304,10.9,5.2,4.5,Small-Ball
2018-19,11T,Rudy Gobert,UTA,0,1,1010,0.001,26.0,81.0,31.8,15.9,12.9,2.0,0.8,2.3,0.669,,0.636,14.4,0.268,rudy gobert,0,203497,Rudy Gobert,UTA,27.0,2018-19,81,31.8,15.9,12.9,2.0,0.8,2.3,1.6,0.669,0.0,0.636,4.7,0.682,0.175,0.17,110.5,103.6,6.9,0.214,0.117,0.419,11.7,0.5,2.3,Small-Ball
2018-19,11T,LeBron James,LAL,0,1,1010,0.001,34.0,55.0,35.2,27.4,8.5,8.3,1.3,0.6,0.51,0.339,0.665,7.2,0.179,lebron james,0,2544,LeBron James,LAL,34.0,2018-19,55,35.2,27.4,8.5,8.3,1.3,0.6,3.6,0.51,0.339,0.665,2.1,0.588,0.311,0.188,109.6,107.6,2.0,0.326,0.432,0.254,13.5,5.3,4.2,Small-Ball
2018-19,2,James Harden,HOU,23,776,1010,0.768,29.0,78.0,36.8,36.1,6.6,7.5,2.0,0.7,0.442,0.368,0.879,15.2,0.254,james harden,0,201935,James Harden,HOU,29.0,2018-19,78,36.8,36.1,6.6,7.5,2.0,0.7,5.0,0.442,0.368,0.879,4.6,0.616,0.396,0.201,116.6,110.3,6.3,0.413,0.482,0.21,11.1,3.1,5.4,Small-Ball
2018-19,3,Paul George,OKC,0,356,1010,0.352,28.0,77.0,36.9,28.0,8.2,4.1,2.2,0.4,0.438,0.386,0.839,11.9,0.201,paul george,0,202331,Paul George,OKC,29.0,2018-19,77,36.9,28.0,8.2,4.1,2.2,0.4,2.7,0.438,0.386,0.839,6.4,0.583,0.285,0.161,112.1,103.9,8.2,0.312,0.228,0.219,7.4,4.5,4.9,Small-Ball
2018-19,4,Nikola Jokić,DEN,0,212,1010,0.21,23.0,80.0,31.3,20.1,10.8,7.3,1.4,0.7,0.511,0.307,0.821,11.8,0.226,nikola jokic,0,203999,Nikola Jokic,DEN,24.0,2018-19,80,31.3,20.1,10.8,7.3,1.4,0.7,3.1,0.511,0.307,0.821,3.9,0.589,0.271,0.188,113.3,107.5,5.8,0.275,0.398,0.353,11.8,0.6,2.0,Small-Ball
2018-19,5,Stephen Curry,GSW,0,175,1010,0.173,30.0,69.0,33.8,27.3,5.3,5.2,1.3,0.4,0.472,0.437,0.916,9.7,0.199,stephen curry,0,201939,Stephen Curry,GSW,31.0,2018-19,69,33.8,27.3,5.3,5.2,1.3,0.4,2.8,0.472,0.437,0.916,10.0,0.641,0.292,0.152,119.5,105.8,13.7,0.311,0.235,0.161,5.6,4.6,3.8,Small-Ball
2018-19,6,Damian Lillard,POR,0,69,1010,0.068,28.0,80.0,35.5,25.8,4.6,6.9,1.1,0.4,0.444,0.369,0.912,12.1,0.205,damian lillard,0,203081,Damian Lillard,POR,28.0,2018-19,80,35.5,25.8,4.6,6.9,1.1,0.4,2.7,0.444,0.369,0.912,6.2,0.588,0.281,0.155,116.0,107.9,8.2,0.298,0.41,0.129,7.8,2.6,3.5,Small-Ball
2018-19,7,Joel Embiid,PHI,0,49,1010,0.049,24.0,64.0,33.7,27.5,13.6,3.7,0.7,1.9,0.484,0.3,0.804,8.7,0.194,joel embiid,0,203954,Joel Embiid,PHI,25.0,2018-19,64,33.7,27.5,13.6,3.7,0.7,1.9,3.5,0.484,0.3,0.804,5.8,0.593,0.327,0.196,112.5,104.8,7.6,0.335,0.197,0.402,13.1,1.5,3.3,Small-Ball
2018-19,8,Kevin Durant,GSW,0,25,1010,0.025,30.0,78.0,34.6,26.0,6.4,5.9,0.7,1.1,0.521,0.353,0.885,11.5,0.204,kevin durant,0,201142,Kevin Durant,GSW,30.0,2018-19,78,34.6,26.0,6.4,5.9,0.7,1.1,2.9,0.521,0.353,0.885,8.4,0.631,0.283,0.162,118.7,107.3,11.4,0.294,0.268,0.193,8.5,4.6,3.6,Small-Ball
2018-19,9,Kawhi Leonard,TOR,0,13,1010,0.013,27.0,60.0,34.0,26.6,7.3,3.3,1.8,0.4,0.496,0.371,0.854,9.5,0.224,kawhi leonard,0,202695,Kawhi Leonard,TOR,28.0,2018-19,60,34.0,26.6,7.3,3.3,1.8,0.4,2.0,0.496,0.371,0.854,5.9,0.606,0.3,0.172,115.7,107.8,7.9,0.323,0.191,0.233,9.9,3.9,4.2,Small-Ball
2019-20,1,Giannis Antetokounmpo,MIL,85,962,1010,0.952,25.0,63.0,30.4,29.5,13.6,5.6,1.0,1.0,0.553,0.304,0.633,11.1,0.279,giannis antetokounmpo,1,203507,Giannis Antetokounmpo,MIL,25.0,2019-20,63,30.4,29.5,13.6,5.6,1.0,1.0,3.7,0.553,0.304,0.633,10.8,0.613,0.363,0.239,112.8,97.4,15.4,0.383,0.339,0.402,17.5,6.0,4.7,Small-Ball
2019-20,10,Pascal Siakam,TOR,0,17,1010,0.017,25.0,60.0,35.2,22.9,7.3,3.5,1.0,0.9,0.453,0.359,0.792,5.4,0.123,pascal siakam,0,1627783,Pascal Siakam,TOR,26.0,2019-20,60,35.2,22.9,7.3,3.5,1.0,0.9,2.5,0.453,0.359,0.792,6.6,0.554,0.278,0.129,111.8,103.0,8.8,0.273,0.188,0.225,10.7,4.1,4.0,Small-Ball
2019-20,11,Jimmy Butler,MIA,0,9,1010,0.009,30.0,58.0,33.8,19.9,6.7,6.0,1.8,0.6,0.455,0.244,0.834,9.0,0.221,jimmy butler,0,202710,Jimmy Butler,MIA,30.0,2019-20,58,33.8,19.9,6.7,6.0,1.8,0.6,2.2,0.455,0.244,0.834,4.4,0.585,0.246,0.159,113.2,108.0,5.2,0.253,0.34,0.215,9.1,2.4,3.3,Small-Ball
2019-20,12,Jayson Tatum,BOS,0,1,1010,0.001,21.0,66.0,34.3,23.4,7.0,3.0,1.4,0.9,0.45,0.403,0.812,6.9,0.146,jayson tatum,0,1628369,Jayson Tatum,BOS,22.0,2019-20,66,34.3,23.4,7.0,3.0,1.4,0.9,2.3,0.45,0.403,0.812,7.6,0.567,0.28,0.143,114.2,103.5,10.6,0.286,0.186,0.213,8.6,3.0,3.4,Small-Ball
2019-20,2,LeBron James,LAL,16,753,1010,0.746,35.0,67.0,34.6,25.3,7.8,10.2,1.2,0.5,0.493,0.348,0.693,9.8,0.204,lebron james,0,2544,LeBron James,LAL,35.0,2019-20,67,34.6,25.3,7.8,10.2,1.2,0.5,3.9,0.493,0.348,0.693,6.6,0.577,0.308,0.198,112.1,103.6,8.5,0.308,0.542,0.237,12.7,4.8,4.6,Small-Ball
2019-20,3,James Harden,HOU,0,367,1010,0.363,30.0,68.0,36.5,34.3,6.6,7.5,1.8,0.9,0.444,0.355,0.865,13.1,0.254,james harden,0,201935,James Harden,HOU,30.0,2019-20,68,36.5,34.3,6.6,7.5,1.8,0.9,4.5,0.444,0.355,0.865,4.2,0.626,0.356,0.19,114.0,108.2,5.8,0.385,0.464,0.191,10.7,3.5,5.4,Small-Ball
2019-20,4,Luka Dončić,DAL,0,200,1010,0.198,20.0,61.0,33.6,28.8,9.4,8.8,1.0,0.2,0.463,0.316,0.758,8.8,0.207,luka doncic,0,1629029,Luka Doncic,DAL,21.0,2019-20,61,33.6,28.8,9.4,8.8,1.0,0.2,4.3,0.463,0.316,0.758,4.1,0.585,0.355,0.194,116.7,111.4,5.3,0.348,0.528,0.287,12.8,2.5,2.8,Small-Ball
2019-20,5,Kawhi Leonard,LAC,0,168,1010,0.166,28.0,57.0,32.4,27.1,7.1,4.9,1.8,0.6,0.47,0.378,0.886,8.7,0.226,kawhi leonard,0,202695,Kawhi Leonard,LAC,29.0,2019-20,57,32.4,27.1,7.1,4.9,1.8,0.6,2.6,0.47,0.378,0.886,8.4,0.589,0.327,0.191,116.9,104.7,12.2,0.341,0.306,0.217,9.5,3.0,4.5,Small-Ball
2019-20,6,Anthony Davis,LAL,0,82,1010,0.081,26.0,62.0,34.4,26.1,9.3,3.2,1.5,2.3,0.503,0.33,0.846,11.1,0.25,anthony davis,0,203076,Anthony Davis,LAL,27.0,2019-20,62,34.4,26.1,9.3,3.2,1.5,2.3,2.5,0.503,0.33,0.846,3.9,0.61,0.284,0.179,111.3,106.4,5.0,0.319,0.172,0.286,12.6,3.2,4.1,Small-Ball
2019-20,7,Chris Paul,OKC,0,26,1010,0.026,34.0,70.0,31.5,17.6,5.0,6.7,1.6,0.2,0.489,0.365,0.907,8.9,0.193,chris paul,0,101108,Chris Paul,OKC,35.0,2019-20,70,31.5,17.6,5.0,6.7,1.6,0.2,2.3,0.489,0.365,0.907,4.7,0.61,0.228,0.153,114.0,107.1,6.9,0.234,0.467,0.18,4.7,1.4,2.5,Small-Ball
2019-20,8,Damian Lillard,POR,0,23,1010,0.023,29.0,66.0,37.5,30.0,4.3,8.0,1.1,0.3,0.463,0.401,0.888,11.6,0.225,damian lillard,0,203081,Damian Lillard,POR,29.0,2019-20,66,37.5,30.0,4.3,8.0,1.1,0.3,2.9,0.463,0.401,0.888,1.3,0.627,0.294,0.168,115.7,114.3,1.4,0.325,0.485,0.122,8.8,2.5,3.0,Small-Ball
2019-20,9,Nikola Jokić,DEN,0,18,1010,0.018,24.0,73.0,32.0,19.9,9.7,7.0,1.2,0.6,0.528,0.314,0.817,9.8,0.202,nikola jokic,0,203999,Nikola Jokic,DEN,25.0,2019-20,73,32.0,19.9,9.7,7.0,1.2,0.6,3.1,0.528,0.314,0.817,3.5,0.605,0.266,0.179,113.4,108.9,4.5,0.271,0.392,0.338,10.4,0.5,2.1,Small-Ball
2020-21,1,Nikola Jokić,DEN,91,971,1010,0.961,25.0,72.0,34.6,26.4,10.8,8.3,1.3,0.7,0.566,0.388,0.868,15.6,0.301,nikola jokic,1,203999,Nikola Jokic,DEN,26.0,2020-21,72,34.6,26.4,10.8,8.3,1.3,0.7,3.1,0.566,0.388,0.868,5.3,0.647,0.293,0.201,120.2,112.6,7.7,0.31,0.406,0.346,14.4,0.8,3.4,Small-Ball
2020-21,10,Rudy Gobert,UTA,0,8,1010,0.008,28.0,71.0,30.8,14.3,13.5,1.3,0.6,2.7,0.675,0.0,0.623,11.3,0.248,rudy gobert,0,203497,Rudy Gobert,UTA,29.0,2020-21,71,30.8,14.3,13.5,1.3,0.6,2.7,1.7,0.675,0.0,0.623,10.3,0.683,0.166,0.165,116.8,100.9,15.9,0.188,0.081,0.428,11.0,0.7,1.3,Small-Ball
2020-21,11,Russell Westbrook,WAS,0,5,1010,0.005,32.0,65.0,36.4,22.2,11.5,11.7,1.4,0.4,0.439,0.315,0.656,3.7,0.075,russell westbrook,0,201566,Russell Westbrook,WAS,32.0,2020-21,65,36.4,22.2,11.5,11.7,1.4,0.4,4.8,0.439,0.315,0.656,-1.4,0.509,0.295,0.164,109.2,110.4,-1.2,0.251,0.595,0.336,9.5,2.7,3.6,Small-Ball
2020-21,12,Ben Simmons,PHI,0,3,1010,0.003,24.0,58.0,32.4,14.3,7.2,6.9,1.6,0.6,0.557,0.3,0.613,6.0,0.153,ben simmons,0,1627732,Ben Simmons,PHI,24.0,2020-21,58,32.4,14.3,7.2,6.9,1.6,0.6,3.0,0.557,0.3,0.613,5.7,0.584,0.2,0.128,113.9,106.0,8.0,0.183,0.411,0.239,10.9,3.3,2.7,Small-Ball
2020-21,13T,James Harden,TOT,0,1,1010,0.001,31.0,44.0,36.6,24.6,7.9,10.8,1.2,0.8,0.466,0.362,0.861,7.0,0.208,james harden,0,201935,James Harden,BKN,31.0,2020-21,44,36.6,24.6,7.9,10.8,1.2,0.8,4.0,0.466,0.362,0.861,2.3,0.618,0.283,0.174,117.2,114.3,2.9,0.276,0.545,0.245,9.6,2.4,3.1,Small-Ball
2020-21,13T,LeBron James,LAL,0,1,1010,0.001,36.0,45.0,33.4,25.0,7.7,7.8,1.1,0.6,0.513,0.365,0.698,5.6,0.179,lebron james,0,2544,LeBron James,LAL,36.0,2020-21,45,33.4,25.0,7.7,7.8,1.1,0.6,3.7,0.513,0.365,0.698,6.4,0.602,0.31,0.191,112.4,103.2,9.2,0.319,0.44,0.248,11.7,4.5,4.0,Small-Ball
2020-21,13T,Kawhi Leonard,LAC,0,1,1010,0.001,29.0,52.0,34.1,24.8,6.5,5.2,1.6,0.4,0.512,0.398,0.885,8.8,0.238,kawhi leonard,0,202695,Kawhi Leonard,LAC,30.0,2020-21,52,34.1,24.8,6.5,5.2,1.6,0.4,2.0,0.512,0.398,0.885,8.6,0.622,0.282,0.17,121.4,109.2,12.2,0.295,0.289,0.209,10.1,2.2,4.2,Small-Ball
2020-21,2,Joel Embiid,PHI,1,586,1010,0.58,26.0,51.0,31.1,28.5,10.6,2.8,1.0,1.4,0.513,0.377,0.859,8.8,0.266,joel embiid,0,203954,Joel Embiid,PHI,27.0,2020-21,51,31.1,28.5,10.6,2.8,1.0,1.4,3.1,0.513,0.377,0.859,7.9,0.636,0.352,0.203,117.8,105.8,12.0,0.37,0.181,0.37,10.3,1.9,3.9,Small-Ball
2020-21,3,Stephen Curry,GSW,5,453,1010,0.449,32.0,63.0,34.2,32.0,5.5,5.8,1.2,0.1,0.482,0.421,0.916,9.0,0.201,stephen curry,0,201939,Stephen Curry,GSW,33.0,2020-21,63,34.2,32.0,5.5,5.8,1.2,0.1,3.4,0.482,0.421,0.916,3.9,0.655,0.331,0.181,114.2,109.6,4.6,0.373,0.275,0.176,8.1,3.6,4.6,Small-Ball
2020-21,4,Giannis Antetokounmpo,MIL,1,348,1010,0.345,26.0,61.0,33.0,28.1,11.0,5.9,1.2,1.2,0.569,0.303,0.685,10.2,0.244,giannis antetokounmpo,0,203507,Giannis Antetokounmpo,MIL,26.0,2020-21,61,33.0,28.1,11.0,5.9,1.2,1.2,3.4,0.569,0.303,0.685,6.7,0.633,0.32,0.196,117.1,107.3,9.8,0.336,0.327,0.334,16.7,4.7,4.1,Small-Ball
2020-21,5,Chris Paul,PHO,2,139,1010,0.138,35.0,70.0,31.4,16.4,4.5,8.9,1.4,0.3,0.499,0.395,0.934,9.2,0.201,chris paul,0,101108,Chris Paul,PHX,36.0,2020-21,70,31.4,16.4,4.5,8.9,1.4,0.3,2.2,0.499,0.395,0.934,4.4,0.599,0.221,0.15,115.3,108.8,6.5,0.22,0.523,0.163,4.0,1.5,2.1,Small-Ball
2020-21,6,Luka Dončić,DAL,0,42,1010,0.042,21.0,66.0,34.3,27.7,8.0,8.6,1.0,0.5,0.479,0.35,0.73,7.7,0.163,luka doncic,0,1629029,Luka Doncic,DAL,22.0,2020-21,66,34.3,27.7,8.0,8.6,1.0,0.5,4.3,0.479,0.35,0.73,2.5,0.587,0.35,0.179,116.6,112.7,3.9,0.336,0.52,0.259,11.1,1.5,3.0,Small-Ball
2020-21,7,Damian Lillard,POR,0,38,1010,0.038,30.0,67.0,35.8,28.8,4.2,7.5,0.9,0.3,0.451,0.391,0.928,10.4,0.209,damian lillard,0,203081,Damian Lillard,POR,30.0,2020-21,67,35.8,28.8,4.2,7.5,0.9,0.3,3.0,0.451,0.391,0.928,3.0,0.623,0.306,0.158,119.6,115.6,4.0,0.321,0.454,0.128,7.6,2.4,3.4,Small-Ball
2020-21,8,Julius Randle,NYK,0,20,1010,0.02,26.0,71.0,37.6,24.1,10.2,6.0,0.9,0.3,0.456,0.411,0.811,7.8,0.14,julius randle,0,203944,Julius Randle,NYK,26.0,2020-21,71,37.6,24.1,10.2,6.0,0.9,0.3,3.4,0.456,0.411,0.811,2.2,0.567,0.285,0.158,109.8,106.8,3.0,0.289,0.355,0.29,7.6,1.2,3.4,Small-Ball
2020-21,9,Derrick Rose,TOT,1,10,1010,0.01,32.0,50.0,25.6,14.7,2.6,4.2,1.0,0.4,0.47,0.388,0.866,3.1,0.118,derrick rose,0,201565,Derrick Rose,NYK,32.0,2020-21,50,25.6,14.7,2.6,4.2,1.0,0.4,1.6,0.47,0.388,0.866,2.7,0.55,0.252,0.133,109.8,105.0,4.9,0.255,0.37,0.113,6.8,1.3,1.8,Small-Ball
2021-22,1,Nikola Jokić,DEN,65,875,1000,0.875,26.0,74.0,33.5,27.1,13.8,7.9,1.5,0.9,0.583,0.337,0.81,15.2,0.296,nikola jokic,1,203999,Nikola Jokic,DEN,27.0,2021-22,74,33.5,27.1,13.8,7.9,1.5,0.9,3.8,0.583,0.337,0.81,6.0,0.661,0.309,0.23,117.3,108.9,8.4,0.333,0.374,0.433,16.2,1.7,3.0,Small-Ball
2021-22,10T,DeMar DeRozan,CHI,0,1,1000,0.001,32.0,76.0,36.1,27.9,5.2,4.9,0.9,0.3,0.504,0.352,0.877,8.8,0.154,demar derozan,0,201942,DeMar DeRozan,CHI,32.0,2021-22,76,36.1,27.9,5.2,4.9,0.9,0.3,2.4,0.504,0.352,0.877,1.0,0.59,0.308,0.148,113.1,112.0,1.1,0.327,0.285,0.162,9.9,1.5,3.4,Small-Ball
2021-22,10T,Kevin Durant,BRK,0,1,1000,0.001,33.0,55.0,37.2,29.9,7.4,6.4,0.9,0.9,0.518,0.383,0.91,8.4,0.198,kevin durant,0,201142,Kevin Durant,BKN,33.0,2021-22,55,37.2,29.9,7.4,6.4,0.9,0.9,3.5,0.518,0.383,0.91,4.9,0.634,0.31,0.18,116.2,109.7,6.5,0.328,0.297,0.217,8.6,3.5,3.6,Small-Ball
2021-22,10T,LeBron James,LAL,0,1,1000,0.001,37.0,56.0,37.2,30.3,8.2,6.2,1.3,1.1,0.524,0.359,0.756,7.5,0.172,lebron james,0,2544,LeBron James,LAL,37.0,2021-22,56,37.2,30.3,8.2,6.2,1.3,1.1,3.5,0.524,0.359,0.756,-2.1,0.619,0.317,0.18,110.9,113.5,-2.5,0.349,0.323,0.255,14.3,4.8,4.3,Small-Ball
2021-22,2,Joel Embiid,PHI,26,706,1000,0.706,27.0,68.0,33.8,30.6,11.7,4.2,1.1,1.5,0.499,0.371,0.814,12.0,0.252,joel embiid,0,203954,Joel Embiid,PHI,28.0,2021-22,68,33.8,30.6,11.7,4.2,1.1,1.5,3.1,0.499,0.371,0.814,5.4,0.616,0.375,0.212,115.6,107.8,7.9,0.387,0.247,0.404,12.0,1.9,3.8,Small-Ball
2021-22,3,Giannis Antetokounmpo,MIL,9,595,1000,0.595,27.0,67.0,32.9,29.9,11.6,5.8,1.1,1.4,0.553,0.293,0.722,12.9,0.281,giannis antetokounmpo,0,203507,Giannis Antetokounmpo,MIL,27.0,2021-22,67,32.9,29.9,11.6,5.8,1.1,1.4,3.3,0.553,0.293,0.722,5.9,0.633,0.34,0.21,115.9,107.9,8.0,0.364,0.33,0.357,15.9,4.3,4.0,Small-Ball
2021-22,4,Devin Booker,PHO,0,216,1000,0.216,25.0,68.0,34.5,26.8,5.0,4.8,1.1,0.4,0.466,0.383,0.868,7.6,0.156,devin booker,0,1626164,Devin Booker,PHX,25.0,2021-22,68,34.5,26.8,5.0,4.8,1.1,0.4,2.4,0.466,0.383,0.868,6.9,0.576,0.313,0.137,117.6,108.1,9.5,0.313,0.239,0.156,7.7,4.1,4.6,Small-Ball
2021-22,5,Luka Dončić,DAL,0,146,1000,0.146,22.0,65.0,35.4,28.4,9.1,8.7,1.2,0.6,0.457,0.353,0.744,7.6,0.159,luka doncic,0,1629029,Luka Doncic,DAL,23.0,2021-22,65,35.4,28.4,9.1,8.7,1.2,0.6,4.5,0.457,0.353,0.744,2.2,0.571,0.368,0.191,113.8,110.3,3.5,0.353,0.524,0.291,11.0,1.1,3.3,Small-Ball
2021-22,6,Jayson Tatum,BOS,0,43,1000,0.043,23.0,76.0,35.9,26.9,8.0,4.4,1.0,0.6,0.453,0.353,0.853,9.6,0.169,jayson tatum,0,1628369,Jayson Tatum,BOS,24.0,2021-22,76,35.9,26.9,8.0,4.4,1.0,0.6,2.9,0.453,0.353,0.853,8.8,0.578,0.313,0.159,115.5,103.4,12.1,0.318,0.238,0.233,10.1,3.0,3.6,Small-Ball
2021-22,7,Ja Morant,MEM,0,10,1000,0.01,22.0,57.0,33.1,27.4,5.7,6.7,1.2,0.4,0.493,0.344,0.761,6.7,0.171,ja morant,0,1629630,Ja Morant,MEM,22.0,2021-22,57,33.1,27.4,5.7,6.7,1.2,0.4,3.4,0.493,0.344,0.761,3.3,0.575,0.33,0.163,115.3,111.2,4.1,0.339,0.393,0.165,16.6,4.4,3.9,Small-Ball
2021-22,8,Stephen Curry,GSW,0,4,1000,0.004,33.0,64.0,34.5,25.5,5.2,6.3,1.3,0.4,0.437,0.38,0.923,8.0,0.173,stephen curry,0,201939,Stephen Curry,GSW,34.0,2021-22,64,34.5,25.5,5.2,6.3,1.3,0.4,3.2,0.437,0.38,0.923,8.0,0.601,0.293,0.155,114.1,103.4,10.7,0.307,0.308,0.159,6.0,3.2,4.1,Small-Ball
2021-22,9,Chris Paul,PHO,0,2,1000,0.002,36.0,65.0,32.9,14.7,4.4,10.8,1.9,0.3,0.493,0.317,0.837,9.4,0.21,chris paul,0,101108,Chris Paul,PHX,37.0,2021-22,65,32.9,14.7,4.4,10.8,1.9,0.3,2.4,0.493,0.317,0.837,7.1,0.581,0.197,0.15,115.6,105.5,10.0,0.186,0.557,0.143,4.5,0.8,1.7,Small-Ball
2022-23,1,Joel Embiid,PHI,73,915,1000,0.915,28.0,66.0,34.6,33.1,10.2,4.2,1.0,1.7,0.548,0.33,0.857,12.3,0.259,joel embiid,1,203954,Joel Embiid,PHI,29.0,2022-23,66,34.6,33.1,10.2,4.2,1.0,1.7,3.4,0.548,0.33,0.857,6.4,0.655,0.37,0.213,119.0,110.2,8.8,0.395,0.221,0.352,14.9,2.1,4.2,Small-Ball
2022-23,10,Jimmy Butler,MIA,0,3,1000,0.003,33.0,64.0,33.4,22.9,5.9,5.3,1.8,0.3,0.539,0.35,0.85,12.3,0.277,jimmy butler,0,202710,Jimmy Butler,MIA,33.0,2022-23,64,33.4,22.9,5.9,5.3,1.8,0.3,1.6,0.539,0.35,0.85,0.7,0.647,0.248,0.177,114.9,113.7,1.2,0.295,0.327,0.213,11.5,2.9,4.0,Small-Ball
2022-23,11,De'Aaron Fox,SAC,0,2,1000,0.002,25.0,73.0,33.4,25.0,4.2,6.1,1.1,0.3,0.512,0.324,0.78,7.4,0.146,de'aaron fox,0,1628368,De'Aaron Fox,SAC,25.0,2022-23,73,33.4,25.0,4.2,6.1,1.1,0.3,2.5,0.512,0.324,0.78,2.4,0.599,0.288,0.137,119.9,116.8,3.1,0.291,0.338,0.14,12.2,3.3,2.8,Small-Ball
2022-23,12T,Jalen Brunson,NYK,0,1,1000,0.001,26.0,68.0,35.0,24.0,3.5,6.2,0.9,0.2,0.491,0.416,0.829,8.7,0.175,jalen brunson,0,1628973,Jalen Brunson,NYK,26.0,2022-23,68,35.0,24.0,3.5,6.2,0.9,0.2,2.1,0.491,0.416,0.829,2.2,0.597,0.266,0.138,119.2,117.1,2.1,0.282,0.385,0.109,10.4,1.8,2.8,Small-Ball
2022-23,12T,Ja Morant,MEM,0,1,1000,0.001,23.0,61.0,31.9,26.2,5.9,8.1,1.1,0.3,0.466,0.307,0.748,6.0,0.148,ja morant,0,1629630,Ja Morant,MEM,23.0,2022-23,61,31.9,26.2,5.9,8.1,1.1,0.3,3.4,0.466,0.307,0.748,5.0,0.557,0.338,0.175,115.8,108.5,7.3,0.331,0.494,0.181,14.4,3.9,3.9,Small-Ball
2022-23,2,Nikola Jokić,DEN,15,674,1000,0.674,27.0,69.0,33.7,24.5,11.8,9.8,1.3,0.7,0.632,0.383,0.822,14.9,0.308,nikola jokic,0,203999,Nikola Jokic,DEN,28.0,2022-23,69,33.7,24.5,11.8,9.8,1.3,0.7,3.6,0.632,0.383,0.822,9.3,0.701,0.263,0.211,124.2,111.6,12.5,0.279,0.416,0.39,15.8,1.4,3.0,Small-Ball
2022-23,3,Giannis Antetokounmpo,MIL,12,606,1000,0.606,28.0,63.0,32.1,31.1,11.8,5.7,0.8,0.8,0.553,0.275,0.645,8.6,0.204,giannis antetokounmpo,0,203507,Giannis Antetokounmpo,MIL,28.0,2022-23,63,32.1,31.1,11.8,5.7,0.8,0.8,3.9,0.553,0.275,0.645,5.4,0.605,0.373,0.204,116.4,109.2,7.2,0.384,0.323,0.357,18.8,5.4,4.0,Small-Ball
2022-23,4,Jayson Tatum,BOS,0,280,1000,0.28,24.0,74.0,36.9,30.1,8.8,4.6,1.1,0.7,0.466,0.35,0.854,10.5,0.185,jayson tatum,0,1628369,Jayson Tatum,BOS,25.0,2022-23,74,36.9,30.1,8.8,4.6,1.1,0.7,2.9,0.466,0.35,0.854,6.4,0.607,0.319,0.167,119.2,110.8,8.5,0.329,0.225,0.255,11.6,3.6,4.5,Small-Ball
2022-23,5,Shai Gilgeous-Alexander,OKC,0,46,1000,0.046,24.0,68.0,35.5,31.4,4.8,5.5,1.6,1.0,0.51,0.345,0.905,11.4,0.226,shai gilgeous-alexander,0,1628983,Shai Gilgeous-Alexander,OKC,24.0,2022-23,68,35.5,31.4,4.8,5.5,1.6,1.0,2.8,0.51,0.345,0.905,2.2,0.626,0.318,0.175,116.1,113.3,2.7,0.353,0.311,0.151,15.9,4.0,5.5,Small-Ball
2022-23,6,Donovan Mitchell,CLE,0,30,1000,0.03,26.0,68.0,35.8,28.3,4.3,4.4,1.5,0.4,0.484,0.386,0.867,8.9,0.176,donovan mitchell,0,1628378,Donovan Mitchell,CLE,26.0,2022-23,68,35.8,28.3,4.3,4.4,1.5,0.4,2.6,0.484,0.386,0.867,5.0,0.614,0.31,0.149,116.3,110.4,5.9,0.335,0.248,0.139,10.2,3.7,4.2,Small-Ball
2022-23,7,Domantas Sabonis,SAC,0,27,1000,0.027,26.0,79.0,34.6,19.1,12.3,7.3,0.8,0.5,0.615,0.373,0.742,12.6,0.221,domantas sabonis,0,1627734,Domantas Sabonis,SAC,27.0,2022-23,79,34.6,19.1,12.3,7.3,0.8,0.5,2.9,0.615,0.373,0.742,2.7,0.668,0.213,0.161,120.7,116.8,3.9,0.219,0.358,0.41,12.9,1.4,2.6,Small-Ball
2022-23,8,Luka Dončić,DAL,0,10,1000,0.01,23.0,66.0,36.2,32.4,8.6,8.0,1.4,0.5,0.496,0.342,0.742,10.2,0.204,luka doncic,0,1629029,Luka Doncic,DAL,24.0,2022-23,66,36.2,32.4,8.6,8.0,1.4,0.5,3.6,0.496,0.342,0.742,1.9,0.609,0.368,0.202,118.1,116.0,2.1,0.372,0.483,0.304,13.4,1.7,4.5,Small-Ball
2022-23,9,Stephen Curry,GSW,0,5,1000,0.005,34.0,56.0,34.7,29.4,6.1,6.3,0.9,0.4,0.493,0.427,0.915,7.8,0.192,stephen curry,0,201939,Stephen Curry,GSW,35.0,2022-23,56,34.7,29.4,6.1,6.3,0.9,0.4,3.2,0.493,0.427,0.915,4.8,0.656,0.297,0.166,118.1,112.4,5.8,0.329,0.276,0.188,7.9,3.1,4.5,Small-Ball
